"","SOA_NAME","monthaverageCC_counts"
"1","Abbey 1",32.4444444444444
"2","Abbey 2",33.7777777777778
"3","Abbey Park",52.7777777777778
"4","Academy",28.5555555555556
"5","Aghagallon 1",30.1111111111111
"6","Aghagallon 2",28.7777777777778
"7","Aghanloo 1",57.3333333333333
"8","Aghanloo 2",35.1111111111111
"9","Agivey",29.3333333333333
"10","Ahoghill 1",16.4444444444444
"11","Ahoghill 2",22.7777777777778
"12","Aldergrove 1",2.11111111111111
"13","Aldergrove 2",17.5555555555556
"14","Aldergrove 3",9.88888888888889
"15","Altmore",30.4444444444444
"16","Altnagelvin 1",96.3333333333333
"17","Altnagelvin 2",37.1111111111111
"18","Altnagelvin 3",34
"19","Andersonstown 1",40
"20","Andersonstown 2",57.2222222222222
"21","Andersonstown 3",48
"22","Annagh 1",27.7777777777778
"23","Annagh 2",78.1111111111111
"24","Annalong 1",20.5555555555556
"25","Annalong 2",30.1111111111111
"26","Antiville",48.6666666666667
"27","Ardboe",40.1111111111111
"28","Ardeevin",23.7777777777778
"29","Ardglass 1",54.5555555555556
"30","Ardglass 2",35.8888888888889
"31","Ardoyne 1",86.1111111111111
"32","Ardoyne 2",101.111111111111
"33","Ardoyne 3",104
"34","Armoy & Moss-side and Moyarge",56
"35","Artigarvan",81.7777777777778
"36","Atlantic",67.1111111111111
"37","Audley's Acre",47.7777777777778
"38","Augher",27.8888888888889
"39","Aughnacloy",31.2222222222222
"40","Ballee",85.8888888888889
"41","Ballinamallard",44.1111111111111
"42","Ballinderry 1",12.5555555555556
"43","Ballinderry 2",24.3333333333333
"44","Balloo",44.4444444444444
"45","Ballybay",93.3333333333333
"46","Ballybot",81.8888888888889
"47","Ballycarry",29.7777777777778
"48","Ballyclare North 1",51.1111111111111
"49","Ballyclare North 2",39.8888888888889
"50","Ballyclare South 1",30.4444444444444
"51","Ballyclare South 2",23.1111111111111
"52","Ballycolman",124
"53","Ballycraigy",49.5555555555556
"54","Ballycrochan 1",11.1111111111111
"55","Ballycrochan 2",24.7777777777778
"56","Ballycrochan 3",14.4444444444444
"57","Ballydown 1",15.4444444444444
"58","Ballydown 2",20.3333333333333
"59","Ballyduff 1",30.4444444444444
"60","Ballyduff 2",11.1111111111111
"61","Ballygawley",39.7777777777778
"62","Ballygowan 1",15.2222222222222
"63","Ballygowan 2",21.8888888888889
"64","Ballyhackamore 1",20.7777777777778
"65","Ballyhackamore 2",30.3333333333333
"66","Ballyhackamore 3",39.3333333333333
"67","Ballyhanwood 1",15.1111111111111
"68","Ballyhanwood 2",9.11111111111111
"69","Ballyhenry 1",23.1111111111111
"70","Ballyhenry 2",12.8888888888889
"71","Ballyhoe and Corkey",38.3333333333333
"72","Ballyholme",20.1111111111111
"73","Ballykeel",83.4444444444444
"74","Ballykelly",64.4444444444444
"75","Ballyloran",36.6666666666667
"76","Ballylough & Bushmills",78.8888888888889
"77","Ballyloughan",16
"78","Ballymacarrett 1",65.5555555555556
"79","Ballymacarrett 2",51
"80","Ballymacarrett 3",123.111111111111
"81","Ballymacash 1",23.6666666666667
"82","Ballymacash 2",10.8888888888889
"83","Ballymacbrennan 1",10.8888888888889
"84","Ballymacbrennan 2",6
"85","Ballymaconnell 1",8.33333333333333
"86","Ballymaconnell 2",10.6666666666667
"87","Ballymacoss 1",45
"88","Ballymacoss 2",47.2222222222222
"89","Ballymacoss 3",45.1111111111111
"90","Ballymagee 1",11.5555555555556
"91","Ballymagee 2",26.8888888888889
"92","Ballymaglave 1",33.6666666666667
"93","Ballymaglave 2",29.6666666666667
"94","Ballymaguigan",27.3333333333333
"95","Ballymartrim",47.5555555555556
"96","Ballymote",130.888888888889
"97","Ballynafeigh 1",43.5555555555556
"98","Ballynafeigh 2",45.6666666666667
"99","Ballynafeigh 3",69.7777777777778
"100","Ballynahinch East",59.2222222222222
"101","Ballynashallog 1",39.4444444444444
"102","Ballynashallog 2",29.1111111111111
"103","Ballynure 1",11.5555555555556
"104","Ballynure 2",14.4444444444444
"105","Ballyoran",55.5555555555556
"106","Ballyrainey",90.5555555555556
"107","Ballyrobert 1",15.2222222222222
"108","Ballyrobert 2",18.8888888888889
"109","Ballysaggart",81
"110","Ballysally 1",84.2222222222222
"111","Ballysally 2",40.4444444444444
"112","Ballysillan 1",67.7777777777778
"113","Ballysillan 2",56.2222222222222
"114","Ballysillan 3",57.3333333333333
"115","Ballywalter 1",64.4444444444444
"116","Ballywalter 2",36.5555555555556
"117","Ballyward",36.4444444444444
"118","Banagher",66
"119","Banbridge West",54.6666666666667
"120","Bangor Castle",53.7777777777778
"121","Bannside",15.3333333333333
"122","Beechill 1",4.44444444444444
"123","Beechill 2",21.5555555555556
"124","Beechill 3",36
"125","Beechmount 1",72.4444444444444
"126","Beechmount 2",98.1111111111111
"127","Beechmount 3",59
"128","Beechwood",118.444444444444
"129","Belcoo and Garrison",62.3333333333333
"130","Bellaghy",39.4444444444444
"131","Belleek and Boa",73.3333333333333
"132","Bellevue 1",26.2222222222222
"133","Bellevue 2",69.5555555555556
"134","Bellevue 3",59.8888888888889
"135","Belmont 1",14.4444444444444
"136","Belmont 2",19.1111111111111
"137","Belmont 3",34.8888888888889
"138","Benburb",28.5555555555556
"139","Benvardin",52.6666666666667
"140","Beragh",43.5555555555556
"141","Bessbrook",76.2222222222222
"142","Binnian",28.2222222222222
"143","Blackcave",31.2222222222222
"144","Blackhead",42.5555555555556
"145","Blackstaff 1",82.6666666666667
"146","Blackstaff 2",127.111111111111
"147","Blaris 1",39.2222222222222
"148","Blaris 2",14.8888888888889
"149","Bleary 1",14.3333333333333
"150","Bleary 2",15.3333333333333
"151","Bloomfield 1 Belfast",80.6666666666667
"152","Bloomfield 1 NorthDown",44
"153","Bloomfield 2 Belfast",26.3333333333333
"154","Bloomfield 2 NorthDown",45.2222222222222
"155","Bloomfield 3 Belfast",58.7777777777778
"156","Bluefield 1",16.7777777777778
"157","Bluefield 2",16.4444444444444
"158","Boho Cleenish and Letterbreen",47.6666666666667
"159","Bonamargy and Rathlin & Glens",38.5555555555556
"160","Boneybefore",15.6666666666667
"161","Botanic 1",49.8888888888889
"162","Botanic 2",35.3333333333333
"163","Botanic 3",54.7777777777778
"164","Botanic 4",56.8888888888889
"165","Botanic 5",74.7777777777778
"166","Bradshaw's Brae 1",30.4444444444444
"167","Bradshaw's Brae 2",22.6666666666667
"168","Brandywell",175.777777777778
"169","Broadway 1",18.2222222222222
"170","Broadway 2",9.77777777777778
"171","Brookeborough",55.3333333333333
"172","Broughshane 1",15.6666666666667
"173","Broughshane 2",20.8888888888889
"174","Brownstown 1",34.7777777777778
"175","Brownstown 2",41.4444444444444
"176","Bryansburn 1",19.4444444444444
"177","Bryansburn 2",5.55555555555556
"178","Burleigh Hill 1",20.5555555555556
"179","Burleigh Hill 2",11.3333333333333
"180","Burnthill 1",17.1111111111111
"181","Burnthill 2",12.8888888888889
"182","Burren and Kilbroney 1",22.5555555555556
"183","Burren and Kilbroney 2",20.1111111111111
"184","Cairnshill 1",11.1111111111111
"185","Cairnshill 2",14.7777777777778
"186","Caledon",18.8888888888889
"187","Callan Bridge",112.222222222222
"188","Camlough",69.7777777777778
"189","Camowen",59.2222222222222
"190","Carn Hill 1",75.4444444444444
"191","Carn Hill 2",72.5555555555556
"192","Carnany",66.4444444444444
"193","Carncastle",26.1111111111111
"194","Carnlough",42
"195","Carnmoney 1",34.8888888888889
"196","Carnmoney 2",6.11111111111111
"197","Carnmoon & Dunseverick",27.5555555555556
"198","Carrigatuke",34.4444444444444
"199","Carrowdore 1",17.6666666666667
"200","Carrowdore 2",31
"201","Carrowreagh 1",26.5555555555556
"202","Carrowreagh 2",45.8888888888889
"203","Carryduff East 1",12.5555555555556
"204","Carryduff East 2",22.2222222222222
"205","Carryduff West 1",8.44444444444444
"206","Carryduff West 2",19.3333333333333
"207","Castle Demesne",69.6666666666667
"208","Castlecaulfield",22.8888888888889
"209","Castlecoole 1",57.3333333333333
"210","Castlecoole 2",35.1111111111111
"211","Castledawson 1",29.2222222222222
"212","Castledawson 2",22.8888888888889
"213","Castlederg",89.6666666666667
"214","Castlerock 1",30.1111111111111
"215","Castlerock 2",20.5555555555556
"216","Castleview 1",64.2222222222222
"217","Castleview 2",20.2222222222222
"218","Castleview 3",38.6666666666667
"219","Castlewellan 1",34.6666666666667
"220","Castlewellan 2",41
"221","Cathedral 1",55.6666666666667
"222","Cathedral 2",42.6666666666667
"223","Cavehill 1",22.7777777777778
"224","Cavehill 2",21
"225","Cavehill 3",20.1111111111111
"226","Caw",111.333333333333
"227","Central Ards",132.444444444444
"228","Central Coleraine",89
"229","Central Larne",74
"230","Charlemont",32.4444444444444
"231","Cherryvalley 1",13.8888888888889
"232","Cherryvalley 2",14.2222222222222
"233","Cherryvalley 3",46.4444444444444
"234","Chichester Park 1",101.333333333333
"235","Chichester Park 2",60.2222222222222
"236","Chichester Park 3",35.6666666666667
"237","Church",97
"238","Churchill 1",9.88888888888889
"239","Churchill 2",17.6666666666667
"240","Churchland",75.6666666666667
"241","Clady",25.7777777777778
"242","Clanabogan",34.7777777777778
"243","Clandeboye 1",49.2222222222222
"244","Clandeboye 2",20.8888888888889
"245","Clandeboye 3",31.7777777777778
"246","Clare",53.1111111111111
"247","Claudy 1",40.5555555555556
"248","Claudy 2",32.7777777777778
"249","Cliftonville 1",95.3333333333333
"250","Cliftonville 2",29.5555555555556
"251","Cliftonville 3",63.4444444444444
"252","Clipperstown",62
"253","Clogh Mills",28
"254","Clogher",25.1111111111111
"255","Clonallan 1",75.7777777777778
"256","Clonallan 2",33.8888888888889
"257","Clonard 1",116.333333333333
"258","Clonard 2",122.555555555556
"259","Clondermot 1",95.3333333333333
"260","Clondermot 2",22.6666666666667
"261","Cloughfern 1",29.3333333333333
"262","Cloughfern 2",30.2222222222222
"263","Coagh",23.1111111111111
"264","Coalisland North",57.6666666666667
"265","Coalisland South",80.4444444444444
"266","Coalisland West and Newmills",31.7777777777778
"267","Collin Glen 1",83.6666666666667
"268","Collin Glen 2",124.444444444444
"269","Collin Glen 3",95
"270","Collinbridge 1",7.77777777777778
"271","Collinbridge 2",12
"272","Comber East 1",46.1111111111111
"273","Comber East 2",24.1111111111111
"274","Comber North 1",40.5555555555556
"275","Comber North 2",17.7777777777778
"276","Comber West 1",15.6666666666667
"277","Comber West 2",19.5555555555556
"278","Conlig 1",45.2222222222222
"279","Conlig 2",33.2222222222222
"280","Conlig 3",49.6666666666667
"281","Coole",87.6666666666667
"282","Coolessan",80.1111111111111
"283","Coolhill",49.1111111111111
"284","Coolnagard",72.5555555555556
"285","Corcrain 1",62.8888888888889
"286","Corcrain 2",75.1111111111111
"287","Court 1",77.1111111111111
"288","Court 2",44
"289","Craigavad",16.1111111111111
"290","Craigy Hill",46
"291","Craigywarren",21
"292","Cranfield",35.6666666666667
"293","Crawfordsburn",17.5555555555556
"294","Cregagh",61.7777777777778
"295","Creggan",76
"296","Creggan Central 1",116.777777777778
"297","Creggan Central 2",79.8888888888889
"298","Creggan South",183.444444444444
"299","Crevagh 1",89.3333333333333
"300","Crevagh 2",92.2222222222222
"301","Crevagh 3",103.555555555556
"302","Cross Glebe",105.777777777778
"303","Crossgar 1",12.1111111111111
"304","Crossgar 2",29.1111111111111
"305","Crossmaglen",87.4444444444444
"306","Crumlin 1 Antrim",33.1111111111111
"307","Crumlin 1 Belfast",105.111111111111
"308","Crumlin 2 Antrim",44.2222222222222
"309","Crumlin 2 Belfast",105.333333333333
"310","Cullybackey",60.6666666666667
"311","Culmore 1",26
"312","Culmore 2",100.777777777778
"313","Culmore 3",78.2222222222222
"314","Culmore 4",80.1111111111111
"315","Culmore 5",30
"316","Cultra",11
"317","Daisy hill 1",50.1111111111111
"318","Daisy hill 2",64.1111111111111
"319","Dalriada",32.4444444444444
"320","Demesne 1",21.5555555555556
"321","Demesne 2",19.7777777777778
"322","Dergmoney",42
"323","Derryaghy 1",92.5555555555556
"324","Derryaghy 2",41.4444444444444
"325","Derryaghy 3",92.7777777777778
"326","Derryboy 1",12.5555555555556
"327","Derryboy 2",25.1111111111111
"328","Derrygonnelly",51
"329","Derryleckagh 1",25.6666666666667
"330","Derryleckagh 2",42.1111111111111
"331","Derrylin",62.4444444444444
"332","Derrymore 1",40.4444444444444
"333","Derrymore 2",41
"334","Derrynoose",49.1111111111111
"335","Derrytrasna 1",37.8888888888889
"336","Derrytrasna 2",22.1111111111111
"337","Dervock",29.6666666666667
"338","Devenish",75.1111111111111
"339","Doagh 1",21.3333333333333
"340","Doagh 2",14.2222222222222
"341","Donagh",42.8888888888889
"342","Donaghadee North 1",41.3333333333333
"343","Donaghadee North 2",16.6666666666667
"344","Donaghadee South 1",33.2222222222222
"345","Donaghadee South 2",24.2222222222222
"346","Donaghcloney 1",25.5555555555556
"347","Donaghcloney 2",18.2222222222222
"348","Donaghmore",20.7777777777778
"349","Donaghmore 1",17.8888888888889
"350","Donaghmore 2",15
"351","Donard 1",30.7777777777778
"352","Donard 2",24.4444444444444
"353","Downs",60.3333333333333
"354","Downshire",44.8888888888889
"355","Draperstown",55.3333333333333
"356","Dromara 1",11.8888888888889
"357","Dromara 2",30.3333333333333
"358","Dromore",43.1111111111111
"359","Dromore North",48.3333333333333
"360","Dromore South 1",22.7777777777778
"361","Dromore South 2",20
"362","Drumalane 1",49.6666666666667
"363","Drumalane 2",27.4444444444444
"364","Drumanaway",24.1111111111111
"365","Drumaness 1",38.5555555555556
"366","Drumaness 2",23.1111111111111
"367","Drumbo 1",10.5555555555556
"368","Drumbo 2",17.7777777777778
"369","Drumgask 1",63.5555555555556
"370","Drumgask 2",48
"371","Drumglass",50.8888888888889
"372","Drumgor 1",37.2222222222222
"373","Drumgor 2",40.7777777777778
"374","Drumgullion 1",52.2222222222222
"375","Drumgullion 2",31.5555555555556
"376","Drumnakilly",34.6666666666667
"377","Drumnamoe 1",40.3333333333333
"378","Drumnamoe 2",29.3333333333333
"379","Drumquin",48.7777777777778
"380","Drumragh",55.4444444444444
"381","Dufferin",92.5555555555556
"382","Dunanney",88.3333333333333
"383","Duncairn 1",169.555555555556
"384","Duncairn 2",92.3333333333333
"385","Dunclug",75.4444444444444
"386","Dundonald 1",21.6666666666667
"387","Dundonald 2",13.6666666666667
"388","Dundooan 1",27.8888888888889
"389","Dundooan 2",19
"390","Dundrum",74.5555555555556
"391","Dungiven",74.8888888888889
"392","Dunloy",26.2222222222222
"393","Dunluce",20.7777777777778
"394","Dunminning",20.3333333333333
"395","Dunmore",28
"396","Dunmurry 1",53.6666666666667
"397","Dunmurry 2",24.5555555555556
"398","Dunnamanagh",67.4444444444444
"399","Dunnamore",16.1111111111111
"400","East",169.333333333333
"401","Ebrington 1",21.7777777777778
"402","Ebrington 2",131.666666666667
"403","Eden 1",24
"404","Eden 2",34.1111111111111
"405","Edenderry",67.3333333333333
"406","Edenderry 1",31.4444444444444
"407","Edenderry 2",24.8888888888889
"408","Eglinton 1",40.1111111111111
"409","Eglinton 2",43.6666666666667
"410","Enagh 1",22
"411","Enagh 1 Derry",105.888888888889
"412","Enagh 2",48.6666666666667
"413","Enagh 2 Derry",56.4444444444444
"414","Enler",48.3333333333333
"415","Erne",74
"416","Fair Green",64.6666666666667
"417","Fairhill",44.4444444444444
"418","Fairy Water",20.7777777777778
"419","Falls 1",76.1111111111111
"420","Falls 2",71.6666666666667
"421","Falls 3",104.666666666667
"422","Falls Park 1",56.2222222222222
"423","Falls Park 2",49.8888888888889
"424","Falls Park 3",49
"425","Farranshane",50.6666666666667
"426","Fathom",49
"427","Feeny",52.4444444444444
"428","Finaghy 1",10.1111111111111
"429","Finaghy 2",18.5555555555556
"430","Finaghy 3",22.5555555555556
"431","Finn",109.666666666667
"432","Fintona",54.3333333333333
"433","Fivemiletown",31.5555555555556
"434","Florence Court and Kinawley",37.8888888888889
"435","Forest",56.6666666666667
"436","Forkhill 1",42.8888888888889
"437","Forkhill 2",56
"438","Fort",46
"439","Fortwilliam 1",20.7777777777778
"440","Fortwilliam 2",39.7777777777778
"441","Fortwilliam 3",34.2222222222222
"442","Fountain Hill",55.6666666666667
"443","Foyle Springs 1",51.8888888888889
"444","Foyle Springs 2",98.2222222222222
"445","Galgorm 1",12.7777777777778
"446","Galgorm 2",6.11111111111111
"447","Galwally",32.6666666666667
"448","Gardenmore",28.1111111111111
"449","Garvagh",52.6666666666667
"450","Gilford",50.4444444444444
"451","Gilnahirk",14.6666666666667
"452","Glack",53.2222222222222
"453","Glebe",35.6666666666667
"454","Glebe 1 Magherafelt",28.6666666666667
"455","Glebe 1 Newtownabbey",24.5555555555556
"456","Glebe 2 Magherafelt",26.8888888888889
"457","Glebe 2 Newtownabbey",13.1111111111111
"458","Glen 1",72.7777777777778
"459","Glen 2",22.4444444444444
"460","Glen Road 1",78.7777777777778
"461","Glen Road 2",63.6666666666667
"462","Glen Road 3",68.7777777777778
"463","Glenaan & Glendun",46.1111111111111
"464","Glenariff",23
"465","Glenarm",22.2222222222222
"466","Glenavy 1",40.8888888888889
"467","Glenavy 2",17.1111111111111
"468","Glencairn 1",72.7777777777778
"469","Glencairn 2",65.3333333333333
"470","Glencolin 1",46.4444444444444
"471","Glencolin 2",98.3333333333333
"472","Glencolin 3",60.8888888888889
"473","Glencolin 4",62.8888888888889
"474","Glenderg",74
"475","Glengormley 1",18.7777777777778
"476","Glengormley 2",41.5555555555556
"477","Glenravel",40.1111111111111
"478","Glentaisie & Kinbane",80.4444444444444
"479","Glenwhirry",19.5555555555556
"480","Glynn",22
"481","Gortalee",62.1111111111111
"482","Gortalowry",47.6666666666667
"483","Gortin",32.7777777777778
"484","Gortrush 1",27.8888888888889
"485","Gortrush 2",30.6666666666667
"486","Graham's Bridge",67
"487","Grange",39.5555555555556
"488","Gransha",29.7777777777778
"489","Greenisland",29.4444444444444
"490","Gregstown 1",38.5555555555556
"491","Gregstown 2",33.4444444444444
"492","Gregstown 3",20.4444444444444
"493","Gresteel 1",55.6666666666667
"494","Gresteel 2",59.1111111111111
"495","Greystone",102.777777777778
"496","Greystone Antrim",50
"497","Groomsport",21.1111111111111
"498","Gulladuff",38.1111111111111
"499","Hamiltonsbawn 1",9
"500","Hamiltonsbawn 2",16.6666666666667
"501","Harbour",43.8888888888889
"502","Harbour 1",100.555555555556
"503","Harbour 2",39.1111111111111
"504","Harmony Hill",41.4444444444444
"505","Harryville",67.5555555555556
"506","Hawthorne",37.6666666666667
"507","Highfield 1",45.8888888888889
"508","Highfield 2",49.7777777777778
"509","Highfield 3",79.8888888888889
"510","Hightown",38.2222222222222
"511","Hilden 1",53.2222222222222
"512","Hilden 2",48.2222222222222
"513","Hillfoot",20
"514","Hillhall 1",64.5555555555556
"515","Hillhall 2",26.4444444444444
"516","Hillsborough 1",15.3333333333333
"517","Hillsborough 2",8.77777777777778
"518","Hockley",21.1111111111111
"519","Holly Mount 1",55.8888888888889
"520","Holly Mount 2",64.1111111111111
"521","Holywood Demesne",39.2222222222222
"522","Holywood Priory",22.6666666666667
"523","Hopefield 1",38.2222222222222
"524","Hopefield 2",24.2222222222222
"525","Irvinestown",83
"526","Island 1",90.3333333333333
"527","Island 2",89.6666666666667
"528","Island Magee",27.6666666666667
"529","Jordanstown 1",21.2222222222222
"530","Jordanstown 2",11.5555555555556
"531","Jordanstown 3",16.2222222222222
"532","Katesbridge",26.3333333333333
"533","Keady",46.6666666666667
"534","Kells 1",33.1111111111111
"535","Kells 2",12.8888888888889
"536","Kernan 1",26.5555555555556
"537","Kernan 2",49.1111111111111
"538","Kesh Ederney and Lack 1",31
"539","Kesh Ederney and Lack 2",32.5555555555556
"540","Kilfennan 1",37.3333333333333
"541","Kilfennan 2",55.3333333333333
"542","Kilkeel Central 1",39.8888888888889
"543","Kilkeel Central 2",41.7777777777778
"544","Kilkeel South 1",17
"545","Kilkeel South 2",33.5555555555556
"546","Killeen",37.1111111111111
"547","Killinchy 1",12
"548","Killinchy 2",14
"549","Killoquin Lower",22.7777777777778
"550","Killoquin Upper",17.8888888888889
"551","Killough 1",47.7777777777778
"552","Killough 2",29.3333333333333
"553","Killyclogher 1",38.5555555555556
"554","Killyclogher 2",29
"555","Killycolpy",25.6666666666667
"556","Killycomain",50.8888888888889
"557","Killycrot",83.4444444444444
"558","Killylea",21.2222222222222
"559","Killyleagh",98.4444444444444
"560","Killyman",27.6666666666667
"561","Killymeal",40.5555555555556
"562","Killymoon",38.8888888888889
"563","Kilmore 1",8
"564","Kilmore 2",17.6666666666667
"565","Kilrea",62.4444444444444
"566","Kilwaughter 1",33.5555555555556
"567","Kilwaughter 2",15.6666666666667
"568","Kilwee 1",27.6666666666667
"569","Kilwee 2",75.4444444444444
"570","Kircubbin 1",25.7777777777778
"571","Kircubbin 2",36.6666666666667
"572","Knock 1",58.2222222222222
"573","Knock 2",10.5555555555556
"574","Knock 3",19.8888888888889
"575","Knockagh",22.6666666666667
"576","Knockaholet",26.6666666666667
"577","Knockbracken 1",9.44444444444444
"578","Knockbracken 2",14.5555555555556
"579","Knockcloghrim",22.2222222222222
"580","Knocklayd",50.2222222222222
"581","Knocklynn 1",39.8888888888889
"582","Knocklynn 2",24.8888888888889
"583","Knockmore 1",50.3333333333333
"584","Knockmore 2",30.2222222222222
"585","Knocknashane 1",22.6666666666667
"586","Knocknashane 2",20.4444444444444
"587","Ladybrook 1",39.3333333333333
"588","Ladybrook 2",72.2222222222222
"589","Ladybrook 3",91.4444444444444
"590","Lagan Valley 1",44
"591","Lagan Valley 2",46.3333333333333
"592","Lambeg 1",34.1111111111111
"593","Lambeg 2",39.2222222222222
"594","Laurelvale",28.1111111111111
"595","Lawrencetown",34.5555555555556
"596","Lecumpher",23.3333333333333
"597","Legoniel 1",90.7777777777778
"598","Legoniel 2",58.6666666666667
"599","Legoniel 3",46.7777777777778
"600","Lisanelly 1",13.1111111111111
"601","Lisanelly 2",69.4444444444444
"602","Lisbane 1",6.88888888888889
"603","Lisbane 2",11.8888888888889
"604","Lisbellaw",46.1111111111111
"605","Lisnacree",29.1111111111111
"606","Lisnagarvey",25.2222222222222
"607","Lisnagelvin 1",55.7777777777778
"608","Lisnagelvin 2",57.7777777777778
"609","Lisnarrick",22.7777777777778
"610","Lisnasharragh",39.1111111111111
"611","Lisnaskea",101.222222222222
"612","Lissan",12.7777777777778
"613","Loughbrickland",32.2222222222222
"614","Loughgall",45.7777777777778
"615","Loughries 1",33.7777777777778
"616","Loughries 2",36.2222222222222
"617","Loughview 1",41
"618","Loughview 2",15
"619","Love Lane",52.7777777777778
"620","Lower Braniel",48.2222222222222
"621","Lower Glenshane 1",21
"622","Lower Glenshane 2",8.33333333333333
"623","Macosquin",34
"624","Maghaberry 1",22
"625","Maghaberry 2",25.4444444444444
"626","Maghera",69.3333333333333
"627","Magheralave 1",12.4444444444444
"628","Magheralave 2",14.8888888888889
"629","Magheralin 1",26.4444444444444
"630","Magheralin 2",40.5555555555556
"631","Magilligan",26.6666666666667
"632","Maguires Bridge",58.7777777777778
"633","Mallusk 1",14.8888888888889
"634","Mallusk 2",48.4444444444444
"635","Mallusk 3",11.8888888888889
"636","Malone 1",13.7777777777778
"637","Malone 2",16.2222222222222
"638","Malone 3",22
"639","Markethill",51.5555555555556
"640","Massereene 1",43.7777777777778
"641","Massereene 2",13.4444444444444
"642","Mayobridge 1",35.6666666666667
"643","Mayobridge 2",14.5555555555556
"644","Maze 1",21
"645","Maze 2",22
"646","Milebush",31.4444444444444
"647","Milford",25.4444444444444
"648","Millisle 1",27.1111111111111
"649","Millisle 2",21.4444444444444
"650","Minnowburn",55.7777777777778
"651","Moat",66
"652","Moira 1",17.2222222222222
"653","Moira 2",17.2222222222222
"654","Moneymore",34
"655","Moneyreagh 1",10
"656","Moneyreagh 2",25.4444444444444
"657","Monkstown 1",59.1111111111111
"658","Monkstown 2",52.7777777777778
"659","Mossley 1",17.5555555555556
"660","Mossley 2",37.7777777777778
"661","Mount Sandel",41.7777777777778
"662","Mourneview",63.3333333333333
"663","Movilla 1",27.6666666666667
"664","Movilla 2",14.1111111111111
"665","Movilla 3",10.5555555555556
"666","Moy",45.1111111111111
"667","Moygashel",28.1111111111111
"668","Mullaghmore",38.8888888888889
"669","Murlough",88.3333333333333
"670","Musgrave 1",46.2222222222222
"671","Musgrave 2",28.6666666666667
"672","Musgrave 3",25.8888888888889
"673","New Buildings 1",53.6666666666667
"674","New Buildings 2",33
"675","New Lodge 1",117.333333333333
"676","New Lodge 2",112
"677","New Lodge 3",68.7777777777778
"678","Newbuildings",70.1111111111111
"679","Newhill",64
"680","Newtownbreda",27.7777777777778
"681","Newtownbutler",54.2222222222222
"682","Newtownhamilton",49.6666666666667
"683","Newtownsaville",25.2222222222222
"684","Newtownstewart",89.6666666666667
"685","North",166.888888888889
"686","Northland",56
"687","Oaklands",22.7777777777778
"688","Observatory",45.3333333333333
"689","Old Warren",95.3333333333333
"690","Oldtown",54.2222222222222
"691","Orangefield 1",29.1111111111111
"692","Orangefield 2",19.6666666666667
"693","Orangefield 3",26.1111111111111
"694","Owenkillew",36.3333333333333
"695","Park",39
"696","Parkgate",18.8888888888889
"697","Parklake",78.7777777777778
"698","Pennyburn 1",37.3333333333333
"699","Pennyburn 2",29.1111111111111
"700","Plumbridge",48.4444444444444
"701","Poleglass 1",89.1111111111111
"702","Poleglass 2",56.5555555555556
"703","Pomeroy",51.4444444444444
"704","Portaferry 1",36.6666666666667
"705","Portaferry 2",63.6666666666667
"706","Portavogie 1",39.4444444444444
"707","Portavogie 2",39.3333333333333
"708","Portglenone 1",21.3333333333333
"709","Portglenone 2",28.2222222222222
"710","Portora",88.8888888888889
"711","Portstewart",48.5555555555556
"712","Poyntz Pass",36.4444444444444
"713","Princetown",34
"714","Quilly",24.4444444444444
"715","Quoile 1",53.7777777777778
"716","Quoile 2",19.1111111111111
"717","Randalstown 1",26.5555555555556
"718","Randalstown 2",21.1111111111111
"719","Rathbrady",37.1111111111111
"720","Rathfriland",42.7777777777778
"721","Rathgael",49.6666666666667
"722","Ravenhill 1",25.4444444444444
"723","Ravenhill 2",41.7777777777778
"724","Ravenhill 3",37.4444444444444
"725","Rich Hill 1",9.66666666666667
"726","Rich Hill 2",19.8888888888889
"727","Ringsend",24.6666666666667
"728","Roeside",55.4444444444444
"729","Rosemount",226.666666666667
"730","Rosetta 1",32.1111111111111
"731","Rosetta 2",53.4444444444444
"732","Rosetta 3",22.6666666666667
"733","Rosslea",72.2222222222222
"734","Rossorry",57
"735","Rostrevor",55.7777777777778
"736","Rostulla 1",45.1111111111111
"737","Rostulla 2",18
"738","Route",47.4444444444444
"739","Royal Portrush",75.8888888888889
"740","Saintfield 1",20.5555555555556
"741","Saintfield 2",18.3333333333333
"742","Sandholes",14.4444444444444
"743","Scrabo 1",56.2222222222222
"744","Scrabo 2",93.8888888888889
"745","Seacon",51
"746","Seaforde",52.2222222222222
"747","Seapatrick",39.5555555555556
"748","Seaview 1",18.3333333333333
"749","Seaview 2",36.7777777777778
"750","Seymour Hill",66.7777777777778
"751","Shaftesbury 1",73.6666666666667
"752","Shaftesbury 2",83.4444444444444
"753","Shaftesbury 3",121.222222222222
"754","Shankill 1",76.3333333333333
"755","Shankill 2",132.444444444444
"756","Shantallow East",168.555555555556
"757","Shantallow West 1",74.2222222222222
"758","Shantallow West 2",73.4444444444444
"759","Shantallow West 3",118.444444444444
"760","Shantallow West 4",73.6666666666667
"761","Shilvodan",20.1111111111111
"762","Shimna",71
"763","Silver Bridge 1",44.4444444444444
"764","Silver Bridge 2",35.8888888888889
"765","Silverstream",67.3333333333333
"766","Sion Mills",92.2222222222222
"767","Sixmilecross",22.6666666666667
"768","Slemish",13.8888888888889
"769","Slievekirk",74.5555555555556
"770","South 1",56
"771","South 2",47.6666666666667
"772","Spelga",49.8888888888889
"773","Springfarm 1",36.3333333333333
"774","Springfarm 2",44.2222222222222
"775","Springhill 1",13.8888888888889
"776","Springhill 2",15.2222222222222
"777","Springtown 1",83.8888888888889
"778","Springtown 2",41.3333333333333
"779","St Mary's",70.5555555555556
"780","St Patrick's 1",45
"781","St Patrick's 2",46.3333333333333
"782","Steeple",49.3333333333333
"783","Stewartstown",26.2222222222222
"784","Stiles",46.1111111111111
"785","Stormont 1",13.2222222222222
"786","Stormont 2",5.22222222222222
"787","Stormont 3",19.7777777777778
"788","Strand 1 Coleraine",11.1111111111111
"789","Strand 1 Derry",293.333333333333
"790","Strand 2 Coleraine",11
"791","Strand 2 Derry",83
"792","Strangford",53.4444444444444
"793","Stranmillis 1",14.3333333333333
"794","Stranmillis 2",0.333333333333333
"795","Stranmillis 3",19.5555555555556
"796","Stranmillis 4",22
"797","Stranocum",31.2222222222222
"798","Strule",49
"799","Summerfield",29.8888888888889
"800","Sunnylands",57.2222222222222
"801","Swatragh 1",16.5555555555556
"802","Swatragh 2",23.2222222222222
"803","Sydenham 1",49.4444444444444
"804","Sydenham 2",32.3333333333333
"805","Sydenham 3",46.2222222222222
"806","Taghnevan",90.7777777777778
"807","Tandragee",47.4444444444444
"808","Tavanagh",71
"809","Templepatrick",14.1111111111111
"810","Tempo",46.5555555555556
"811","Termon",29.7777777777778
"812","The Birches 1",22.4444444444444
"813","The Birches 2",24.4444444444444
"814","The Cut",49.6666666666667
"815","The Cuts 1",29.1111111111111
"816","The Cuts 2",30.2222222222222
"817","The Diamond",251.111111111111
"818","The Highlands",37.8888888888889
"819","The Loop",31.2222222222222
"820","The Mall",42.5555555555556
"821","The Mount 1",150.555555555556
"822","The Mount 2",126.444444444444
"823","The Vow",29.3333333333333
"824","Tobermore",33.4444444444444
"825","Tollymore 1",29.2222222222222
"826","Tollymore 2",33.5555555555556
"827","Tonagh",91.1111111111111
"828","Toome",29.8888888888889
"829","Town Parks",54.3333333333333
"830","Town Parks East 1",32.2222222222222
"831","Town Parks East 2",47.1111111111111
"832","Town Parks West",43.3333333333333
"833","Trillick",33.8888888888889
"834","Tullagh",39
"835","Tullycarnet",102.111111111111
"836","Tullyhappy",35
"837","Twinbrook 1",54.2222222222222
"838","Twinbrook 2",62.2222222222222
"839","University",66.4444444444444
"840","Upper Braniel",25.1111111111111
"841","Upper Glenshane",53.2222222222222
"842","Upper Malone 1",6.66666666666667
"843","Upper Malone 2",31.5555555555556
"844","Upper Malone 3",21
"845","Upper Springfield 1",76.4444444444444
"846","Upper Springfield 2",54.6666666666667
"847","Upper Springfield 3",69.3333333333333
"848","Upperlands",35.2222222222222
"849","Valley",34.7777777777778
"850","Valley 1",48.4444444444444
"851","Valley 2",69.4444444444444
"852","Victoria Bridge",54.2222222222222
"853","Victoria Carrickfergus",48.5555555555556
"854","Victoria Derry",188.111111111111
"855","Wallace Park 1",8.33333333333333
"856","Wallace Park 2",17.6666666666667
"857","Waringstown 1",25.6666666666667
"858","Waringstown 2",21.6666666666667
"859","Washing Bay",43.5555555555556
"860","Water Works 1",162.666666666667
"861","Water Works 2",106.666666666667
"862","Water Works 3",117.444444444444
"863","Waterside",34
"864","West 1",74.6666666666667
"865","West 2",69.1111111111111
"866","Westland",172.555555555556
"867","Whitehead",29.1111111111111
"868","Whitehill",73.3333333333333
"869","Whitehouse",84.8888888888889
"870","Whiterock 1",57.6666666666667
"871","Whiterock 2",92.1111111111111
"872","Whiterock 3",44.2222222222222
"873","Whitespots 1",20.8888888888889
"874","Whitespots 2",13.3333333333333
"875","Windsor 1",20.7777777777778
"876","Windsor 2",38
"877","Windsor 3",53
"878","Windsor 4",39
"879","Windsor Hill 1",17.5555555555556
"880","Windsor Hill 2",33.8888888888889
"881","Woodburn",18.6666666666667
"882","Woodstock 1",58.2222222222222
"883","Woodstock 2",70.8888888888889
"884","Woodstock 3",86
"885","Woodvale 1",97.3333333333333
"886","Woodvale 2",84.8888888888889
"887","Woodvale 3",78.7777777777778
"888","Woodville 1",103
"889","Woodville 2",33.2222222222222
"890","Wynchurch",23.7777777777778
