"","SOA_LABEL","SOA2001","X0.15yrs","X16.39yrs","X40.64yrs","X65.","Total","Working"
"1","Aldergrove_1","95AA01S1",259,647,110,6,1022,757
"2","Aldergrove_2","95AA01S2",550,551,745,279,2125,1296
"3","Aldergrove_3","95AA01S3",347,510,537,218,1611,1046
"4","Balloo","95AA02W1",245,487,618,389,1739,1105
"5","Ballycraigy","95AA03W1",381,585,580,314,1860,1165
"6","Clady","95AA04W1",674,897,1215,449,3235,2112
"7","Cranfield","95AA05W1",652,786,867,464,2768,1652
"8","Crumlin_1_Antrim","95AA06S1",440,571,610,247,1868,1181
"9","Crumlin_2_Antrim","95AA06S2",697,875,860,256,2689,1736
"10","Drumanaway","95AA07W1",424,551,794,387,2156,1345
"11","Farranshane","95AA08W1",338,508,524,259,1628,1031
"12","Fountain Hill","95AA09W1",447,655,682,439,2223,1337
"13","Greystone_Antrim","95AA10W1",355,549,587,372,1864,1137
"14","Massereene_1","95AA11S1",539,845,902,492,2778,1747
"15","Massereene_2","95AA11S2",669,854,872,261,2656,1726
"16","Parkgate","95AA12W1",525,684,1164,466,2839,1848
"17","Randalstown_1","95AA13S1",402,575,617,256,1851,1193
"18","Randalstown_2","95AA13S2",333,458,503,236,1530,961
"19","Shilvodan","95AA14W1",539,620,858,428,2445,1478
"20","Springfarm_1","95AA15S1",757,1123,818,302,2999,1940
"21","Springfarm_2","95AA15S2",494,653,452,191,1791,1106
"22","Steeple","95AA16W1",376,602,518,309,1805,1120
"23","Stiles","95AA17W1",502,634,665,313,2113,1298
"24","Templepatrick","95AA18W1",377,493,812,714,2396,1305
"25","Toome","95AA19W1",671,882,856,334,2742,1737
"26","Ballygowan_1","95BB01S1",339,534,599,262,1733,1132
"27","Ballygowan_2","95BB01S2",393,560,783,270,2006,1343
"28","Ballyrainey","95BB02W1",424,680,753,576,2433,1433
"29","Ballywalter_1","95BB03S1",429,575,623,431,2057,1197
"30","Ballywalter_2","95BB03S2",399,501,823,531,2254,1324
"31","Bradshaw's Brae_1","95BB04S1",173,352,499,399,1422,850
"32","Bradshaw's Brae_2","95BB04S2",286,415,596,502,1799,1011
"33","Carrowdore_1","95BB05S1",258,374,587,318,1537,961
"34","Carrowdore_2","95BB05S2",383,513,633,412,1941,1146
"35","Central_Ards","95BB06W1",426,1033,864,610,2933,1897
"36","Comber East_1","95BB07S1",297,517,490,427,1732,1008
"37","Comber East_2","95BB07S2",215,338,453,285,1291,791
"38","Comber North_1","95BB08S1",279,411,417,284,1391,828
"39","Comber North_2","95BB08S2",258,350,434,189,1231,784
"40","Comber West_1","95BB09S1",201,310,446,403,1359,755
"41","Comber West_2","95BB09S2",258,463,620,301,1642,1083
"42","Donaghadee North_1","95BB10S1",219,379,552,521,1671,931
"43","Donaghadee North_2","95BB10S2",230,412,645,465,1751,1056
"44","Donaghadee South_1","95BB11S1",275,335,484,265,1359,819
"45","Donaghadee South_2","95BB11S2",210,304,506,533,1553,810
"46","Glen_1","95BB12S1",348,510,400,246,1503,909
"47","Glen_2","95BB12S2",257,352,498,314,1422,851
"48","Gregstown_1","95BB13S1",276,405,533,163,1378,939
"49","Gregstown_2","95BB13S2",291,377,504,309,1481,881
"50","Gregstown_3","95BB13S3",314,428,561,187,1490,989
"51","Killinchy_1","95BB14S1",272,403,603,314,1592,1006
"52","Killinchy_2","95BB14S2",239,368,570,362,1539,938
"53","Kircubbin_1","95BB15S1",483,498,727,358,2065,1224
"54","Kircubbin_2","95BB15S2",276,427,480,249,1432,907
"55","Lisbane_1","95BB16S1",228,395,592,356,1570,986
"56","Lisbane_2","95BB16S2",325,377,662,352,1715,1038
"57","Loughries_1","95BB17S1",417,532,611,222,1782,1143
"58","Loughries_2","95BB17S2",383,527,598,299,1807,1125
"59","Millisle_1","95BB18S1",412,567,549,326,1854,1116
"60","Millisle_2","95BB18S2",596,643,964,482,2685,1607
"61","Movilla_1","95BB19S1",313,493,589,366,1761,1082
"62","Movilla_2","95BB19S2",422,533,700,194,1848,1232
"63","Movilla_3","95BB19S3",271,369,524,147,1312,894
"64","Portaferry_1","95BB20S1",339,514,642,347,1842,1156
"65","Portaferry_2","95BB20S2",284,417,459,301,1462,877
"66","Portavogie_1","95BB21S1",525,594,787,439,2344,1380
"67","Portavogie_2","95BB21S2",500,655,852,411,2418,1507
"68","Scrabo_1","95BB22S1",447,526,529,175,1676,1054
"69","Scrabo_2","95BB22S2",366,466,500,281,1613,966
"70","Whitespots_1","95BB23S1",238,378,565,427,1607,942
"71","Whitespots_2","95BB23S2",206,359,537,297,1399,896
"72","Abbey Park","95CC01W1",558,838,822,431,2649,1660
"73","Ballymartrim","95CC02W1",596,879,925,465,2866,1805
"74","Callan Bridge","95CC03W1",718,997,789,354,2859,1787
"75","Carrigatuke","95CC04W1",638,838,791,384,2650,1628
"76","Charlemont","95CC05W1",704,891,848,463,2907,1740
"77","Demesne_1","95CC06S1",323,498,493,260,1574,991
"78","Demesne_2","95CC06S2",331,417,451,222,1421,868
"79","Derrynoose","95CC07W1",1006,1164,1150,386,3706,2314
"80","Downs","95CC08W1",581,837,745,417,2580,1582
"81","Hamiltonsbawn_1","95CC09S1",299,427,544,261,1531,971
"82","Hamiltonsbawn_2","95CC09S2",486,654,638,265,2043,1292
"83","Hockley","95CC10W1",467,692,870,610,2638,1561
"84","Keady","95CC11W1",397,616,544,369,1927,1161
"85","Killeen","95CC12W1",628,813,889,469,2799,1702
"86","Killylea","95CC13W1",590,790,805,376,2560,1594
"87","Laurelvale","95CC14W1",703,960,1000,467,3131,1961
"88","Loughgall","95CC15W1",693,917,975,430,3014,1891
"89","Markethill","95CC16W1",742,893,862,469,2965,1754
"90","Milford","95CC17W1",725,911,886,406,2929,1798
"91","Observatory","95CC18W1",483,649,797,484,2413,1446
"92","Poyntz Pass","95CC19W1",667,821,944,425,2858,1766
"93","Rich Hill_1","95CC20S1",256,362,423,179,1220,785
"94","Rich Hill_2","95CC20S2",352,517,574,263,1706,1091
"95","Tandragee","95CC21W1",651,872,983,488,2995,1856
"96","The Mall","95CC22W1",374,538,587,361,1861,1126
"97","Academy","95DD01W1",302,466,722,599,2089,1188
"98","Ahoghill_1","95DD02S1",248,376,489,291,1404,865
"99","Ahoghill_2","95DD02S2",577,816,844,320,2558,1661
"100","Ardeevin","95DD03W1",782,1154,1141,666,3742,2294
"101","Ballee","95DD04W1",436,590,604,307,1937,1194
"102","Ballykeel","95DD05W1",363,556,544,214,1677,1100
"103","Ballyloughan","95DD06W1",348,620,808,812,2587,1427
"104","Broughshane_1","95DD07S1",250,349,501,423,1523,850
"105","Broughshane_2","95DD07S2",428,510,629,363,1930,1139
"106","Castle Demesne","95DD08W1",387,911,782,413,2493,1693
"107","Craigywarren","95DD09W1",554,611,962,491,2618,1573
"108","Cullybackey","95DD10W1",476,817,923,577,2793,1740
"109","Dunclug","95DD11W1",669,891,661,278,2499,1552
"110","Dunminning","95DD12W1",514,780,888,456,2639,1669
"111","Fair Green","95DD13W1",371,590,525,362,1848,1115
"112","Galgorm_1","95DD14S1",331,440,526,270,1568,967
"113","Galgorm_2","95DD14S2",269,399,687,297,1652,1086
"114","Glenravel","95DD15W1",837,1025,1178,477,3516,2202
"115","Glenwhirry","95DD16W1",623,841,1104,533,3101,1945
"116","Grange","95DD17W1",853,1095,1180,538,3666,2275
"117","Harryville","95DD18W1",282,689,624,506,2100,1312
"118","Kells_1","95DD19S1",425,634,582,285,1925,1215
"119","Kells_2","95DD19S2",246,405,541,289,1482,947
"120","Moat","95DD20W1",309,530,578,310,1727,1108
"121","Park","95DD21W1",473,796,702,386,2358,1499
"122","Portglenone_1","95DD22S1",320,520,559,275,1674,1079
"123","Portglenone_2","95DD22S2",384,483,515,257,1639,998
"124","Slemish","95DD23W1",520,739,947,464,2670,1686
"125","Summerfield","95DD24W1",557,873,876,432,2738,1749
"126","Ballyhoe and Corkey","95EE01W1",419,637,600,245,1901,1237
"127","Benvardin","95EE02W1",439,616,742,303,2101,1359
"128","Carnany","95EE03W1",404,580,703,343,2030,1283
"129","Clogh Mills","95EE04W1",391,633,664,330,2018,1297
"130","Dervock","95EE05W1",292,400,607,275,1575,1008
"131","Dunloy","95EE06W1",588,778,715,302,2383,1493
"132","Fairhill","95EE07W1",405,510,578,360,1852,1087
"133","Glebe","95EE08W1",254,456,609,498,1817,1065
"134","Killoquin Lower","95EE09W1",383,582,640,297,1902,1222
"135","Killoquin Upper","95EE10W1",423,631,579,278,1911,1210
"136","Knockaholet","95EE11W1",342,524,560,285,1711,1084
"137","Newhill","95EE12W1",538,817,841,305,2500,1657
"138","Route","95EE13W1",243,401,506,395,1546,908
"139","Seacon","95EE14W1",664,924,926,416,2930,1850
"140","Stranocum","95EE15W1",394,525,593,275,1787,1118
"141","The Vow","95EE16W1",487,653,703,314,2156,1355
"142","Ballydown_1","95FF01S1",439,633,731,341,2144,1364
"143","Ballydown_2","95FF01S2",682,939,994,359,2974,1933
"144","Ballyward","95FF02W1",744,905,962,395,3007,1868
"145","Banbridge West","95FF03W1",739,1110,952,355,3155,2061
"146","Bannside","95FF04W1",671,751,983,409,2814,1734
"147","Dromore North","95FF05W1",573,767,803,480,2622,1569
"148","Dromore South_1","95FF06S1",453,624,644,352,2073,1268
"149","Dromore South_2","95FF06S2",519,607,788,201,2115,1395
"150","Edenderry","95FF07W1",640,900,901,344,2786,1802
"151","Fort","95FF08W1",371,627,773,506,2277,1400
"152","Gilford","95FF09W1",562,798,833,390,2583,1631
"153","Gransha","95FF10W1",879,1108,1239,444,3669,2346
"154","Katesbridge","95FF11W1",684,771,918,410,2783,1689
"155","Lawrencetown","95FF12W1",565,857,894,434,2750,1751
"156","Loughbrickland","95FF13W1",671,854,990,424,2940,1845
"157","Quilly","95FF14W1",478,568,985,483,2514,1553
"158","Rathfriland","95FF15W1",555,854,777,532,2718,1631
"159","Seapatrick","95FF16W1",430,628,858,503,2418,1485
"160","The Cut","95FF17W1",287,508,520,349,1663,1027
"161","Andersonstown_1","95GG01S1",256,457,539,445,1697,996
"162","Andersonstown_2","95GG01S2",235,376,473,358,1443,850
"163","Andersonstown_3","95GG01S3",289,477,535,299,1600,1012
"164","Ardoyne_1","95GG02S1",409,572,421,246,1648,993
"165","Ardoyne_2","95GG02S2",512,662,498,245,1917,1160
"166","Ardoyne_3","95GG02S3",634,764,633,268,2299,1397
"167","Ballyhackamore_1","95GG03S1",365,523,686,386,1960,1209
"168","Ballyhackamore_2","95GG03S2",349,454,676,305,1784,1130
"169","Ballyhackamore_3","95GG03S3",334,672,697,351,2054,1369
"170","Ballymacarrett_1","95GG04S1",355,632,486,220,1693,1118
"171","Ballymacarrett_2","95GG04S2",418,533,422,186,1559,955
"172","Ballymacarrett_3","95GG04S3",314,713,545,230,1802,1258
"173","Ballynafeigh_1","95GG05S1",308,719,536,201,1764,1255
"174","Ballynafeigh_2","95GG05S2",314,892,608,134,1947,1499
"175","Ballynafeigh_3","95GG05S3",325,1151,550,174,2200,1701
"176","Ballysillan_1","95GG06S1",441,618,536,311,1907,1155
"177","Ballysillan_2","95GG06S2",302,585,585,251,1724,1171
"178","Ballysillan_3","95GG06S3",471,657,728,212,2068,1385
"179","Beechmount_1","95GG07S1",415,692,525,244,1876,1217
"180","Beechmount_2","95GG07S2",464,679,524,196,1863,1203
"181","Beechmount_3","95GG07S3",332,517,553,209,1611,1070
"182","Bellevue_1","95GG08S1",291,355,465,277,1388,820
"183","Bellevue_2","95GG08S2",395,613,553,246,1807,1166
"184","Bellevue_3","95GG08S3",445,746,539,234,1964,1285
"185","Belmont_1","95GG09S1",400,515,798,453,2166,1313
"186","Belmont_2","95GG09S2",281,546,649,397,1873,1195
"187","Belmont_3","95GG09S3",493,728,702,278,2202,1431
"188","Blackstaff_1","95GG10S1",349,833,536,208,1926,1369
"189","Blackstaff_2","95GG10S2",478,1114,584,200,2376,1698
"190","Bloomfield_1_Belfast","95GG11S1",374,849,514,235,1973,1364
"191","Bloomfield_2_Belfast","95GG11S2",306,533,546,262,1647,1079
"192","Bloomfield_3_Belfast","95GG11S3",272,780,535,231,1817,1314
"193","Botanic_1","95GG12S1",119,1177,179,50,1526,1357
"194","Botanic_2","95GG12S2",130,1799,198,57,2184,1997
"195","Botanic_3","95GG12S3",153,1738,232,68,2192,1971
"196","Botanic_4","95GG12S4",98,1471,233,39,1841,1704
"197","Botanic_5","95GG12S5",543,1141,607,164,2456,1749
"198","Castleview_1","95GG13S1",251,443,459,191,1344,902
"199","Castleview_2","95GG13S2",354,471,549,313,1687,1020
"200","Castleview_3","95GG13S3",292,495,530,328,1646,1026
"201","Cavehill_1","95GG14S1",312,453,549,299,1613,1002
"202","Cavehill_2","95GG14S2",265,434,578,298,1574,1011
"203","Cavehill_3","95GG14S3",331,493,580,261,1664,1072
"204","Cherryvalley_1","95GG15S1",372,401,723,510,2007,1125
"205","Cherryvalley_2","95GG15S2",344,595,711,401,2051,1306
"206","Cherryvalley_3","95GG15S3",353,553,637,419,1963,1191
"207","Chichester Park_1","95GG16S1",403,775,687,224,2089,1462
"208","Chichester Park_2","95GG16S2",391,606,667,277,1940,1272
"209","Chichester Park_3","95GG16S3",331,431,484,206,1452,915
"210","Cliftonville_1","95GG17S1",631,814,598,200,2242,1411
"211","Cliftonville_2","95GG17S2",260,434,521,305,1519,954
"212","Cliftonville_3","95GG17S3",481,584,477,217,1759,1061
"213","Clonard_1","95GG18S1",649,851,691,295,2486,1542
"214","Clonard_2","95GG18S2",531,971,755,263,2520,1726
"215","Crumlin_1_Belfast","95GG19S1",336,501,622,517,1976,1123
"216","Crumlin_2_Belfast","95GG19S2",732,985,706,354,2776,1690
"217","Duncairn_1","95GG20S1",494,1435,894,357,3180,2329
"218","Duncairn_2","95GG20S2",532,711,603,305,2150,1313
"219","Falls_1","95GG21S1",300,478,447,225,1450,925
"220","Falls_2","95GG21S2",480,596,458,201,1735,1054
"221","Falls_3","95GG21S3",388,771,589,245,1993,1360
"222","Falls Park_1","95GG22S1",295,531,541,323,1690,1072
"223","Falls Park_2","95GG22S2",303,537,622,454,1915,1158
"224","Falls Park_3","95GG22S3",344,472,581,305,1702,1053
"225","Finaghy_1","95GG23S1",262,330,477,328,1398,808
"226","Finaghy_2","95GG23S2",262,417,533,327,1538,949
"227","Finaghy_3","95GG23S3",288,492,498,360,1639,991
"228","Fortwilliam_1","95GG24S1",208,310,450,363,1331,760
"229","Fortwilliam_2","95GG24S2",264,489,530,281,1563,1018
"230","Fortwilliam_3","95GG24S3",284,421,551,321,1577,972
"231","Glen Road_1","95GG25S1",561,799,739,387,2486,1538
"232","Glen Road_2","95GG25S2",336,590,605,233,1764,1195
"233","Glen Road_3","95GG25S3",333,530,466,159,1487,995
"234","Glencairn_1","95GG26S1",454,670,511,360,1994,1180
"235","Glencairn_2","95GG26S2",360,509,532,390,1791,1041
"236","Glencolin_1","95GG27S1",408,552,541,146,1647,1093
"237","Glencolin_2","95GG27S2",402,560,471,195,1629,1032
"238","Glencolin_3","95GG27S3",314,550,519,267,1649,1068
"239","Glencolin_4","95GG27S4",328,507,433,292,1560,940
"240","Highfield_1","95GG28S1",489,706,717,326,2237,1422
"241","Highfield_2","95GG28S2",320,517,580,282,1699,1097
"242","Highfield_3","95GG28S3",422,573,512,225,1733,1086
"243","Island_1","95GG29S1",558,1046,721,277,2602,1767
"244","Island_2","95GG29S2",554,1255,740,299,2848,1995
"245","Knock_1","95GG30S1",295,455,537,296,1584,993
"246","Knock_2","95GG30S2",304,434,613,328,1680,1048
"247","Knock_3","95GG30S3",230,405,480,331,1445,884
"248","Ladybrook_1","95GG31S1",435,776,743,317,2271,1519
"249","Ladybrook_2","95GG31S2",384,634,568,378,1963,1201
"250","Ladybrook_3","95GG31S3",492,727,627,315,2160,1353
"251","Legoniel_1","95GG32S1",996,1258,948,312,3514,2206
"252","Legoniel_2","95GG32S2",302,477,468,282,1528,944
"253","Legoniel_3","95GG32S3",280,506,523,314,1623,1029
"254","Malone_1","95GG33S1",342,494,634,408,1878,1128
"255","Malone_2","95GG33S2",311,428,568,350,1658,997
"256","Malone_3","95GG33S3",349,680,645,298,1973,1326
"257","Musgrave_1","95GG34S1",311,430,483,244,1468,913
"258","Musgrave_2","95GG34S2",207,423,533,331,1495,957
"259","Musgrave_3","95GG34S3",289,633,610,277,1809,1243
"260","New Lodge_1","95GG35S1",413,594,602,367,1976,1196
"261","New Lodge_2","95GG35S2",270,442,513,228,1453,955
"262","New Lodge_3","95GG35S3",288,446,357,156,1247,803
"263","Orangefield_1","95GG36S1",310,693,605,233,1841,1298
"264","Orangefield_2","95GG36S2",336,568,680,344,1928,1248
"265","Orangefield_3","95GG36S3",335,569,671,340,1914,1239
"266","Ravenhill_1","95GG37S1",413,658,772,351,2194,1430
"267","Ravenhill_2","95GG37S2",320,675,602,278,1875,1277
"268","Ravenhill_3","95GG37S3",346,1113,595,257,2311,1708
"269","Rosetta_1","95GG38S1",510,1216,1001,445,3172,2217
"270","Rosetta_2","95GG38S2",274,703,575,321,1873,1278
"271","Rosetta_3","95GG38S3",296,461,551,267,1575,1012
"272","Shaftesbury_1","95GG39S1",453,1005,581,236,2275,1586
"273","Shaftesbury_2","95GG39S2",446,1255,780,364,2845,2035
"274","Shaftesbury_3","95GG39S3",296,984,536,271,2087,1520
"275","Shankill_1","95GG40S1",558,643,474,270,1945,1117
"276","Shankill_2","95GG40S2",445,706,626,490,2268,1333
"277","Stormont_1","95GG41S1",329,385,688,546,1948,1073
"278","Stormont_2","95GG41S2",333,358,564,354,1608,921
"279","Stormont_3","95GG41S3",418,562,680,423,2083,1242
"280","Stranmillis_1","95GG42S1",364,528,655,353,1901,1184
"281","Stranmillis_2","95GG42S2",100,1545,138,107,1890,1683
"282","Stranmillis_3","95GG42S3",244,1602,364,174,2384,1966
"283","Stranmillis_4","95GG42S4",366,940,651,321,2279,1592
"284","Sydenham_1","95GG43S1",289,577,455,311,1632,1032
"285","Sydenham_2","95GG43S2",287,573,517,330,1707,1090
"286","Sydenham_3","95GG43S3",282,678,486,259,1704,1163
"287","The Mount_1","95GG44S1",654,1343,803,285,3086,2147
"288","The Mount_2","95GG44S2",659,1245,764,340,3008,2009
"289","Upper Malone_1","95GG45S1",247,351,548,489,1634,898
"290","Upper Malone_2","95GG45S2",372,529,499,219,1620,1029
"291","Upper Malone_3","95GG45S3",338,527,494,295,1654,1021
"292","Upper Springfield_1","95GG46S1",365,556,543,215,1679,1099
"293","Upper Springfield_2","95GG46S2",421,565,498,282,1767,1064
"294","Upper Springfield_3","95GG46S3",397,535,503,217,1652,1038
"295","Water Works_1","95GG47S1",646,955,735,264,2600,1690
"296","Water Works_2","95GG47S2",384,564,530,233,1711,1094
"297","Water Works_3","95GG47S3",499,694,604,217,2013,1297
"298","Whiterock_1","95GG48S1",339,522,440,207,1507,961
"299","Whiterock_2","95GG48S2",677,832,635,250,2394,1467
"300","Whiterock_3","95GG48S3",432,543,490,176,1640,1032
"301","Windsor_1","95GG49S1",213,825,441,235,1714,1266
"302","Windsor_2","95GG49S2",150,1642,242,132,2166,1884
"303","Windsor_3","95GG49S3",227,1568,201,78,2074,1769
"304","Windsor_4","95GG49S4",155,1538,245,134,2071,1782
"305","Woodstock_1","95GG50S1",296,652,482,140,1571,1135
"306","Woodstock_2","95GG50S2",412,921,620,248,2200,1540
"307","Woodstock_3","95GG50S3",370,830,481,226,1907,1311
"308","Woodvale_1","95GG51S1",264,422,374,219,1279,796
"309","Woodvale_2","95GG51S2",235,404,416,259,1315,821
"310","Woodvale_3","95GG51S3",246,428,454,289,1417,882
"311","Blackhead","95HH01W1",356,446,715,539,2056,1161
"312","Bluefield_1","95HH02S1",240,332,442,261,1275,774
"313","Bluefield_2","95HH02S2",302,460,669,176,1606,1128
"314","Boneybefore","95HH03W1",232,325,583,516,1655,907
"315","Burleigh Hill_1","95HH04S1",247,452,638,267,1605,1091
"316","Burleigh Hill_2","95HH04S2",156,309,522,287,1275,832
"317","Clipperstown","95HH05W1",533,716,625,247,2121,1341
"318","Eden_1","95HH06S1",483,708,929,192,2313,1638
"319","Eden_2","95HH06S2",602,755,939,285,2581,1694
"320","Gortalee","95HH07W1",295,545,509,260,1609,1054
"321","Greenisland","95HH08W1",466,820,925,523,2734,1745
"322","Killycrot","95HH09W1",381,777,930,668,2757,1708
"323","Knockagh","95HH10W1",538,687,981,432,2639,1669
"324","Love Lane","95HH11W1",272,416,413,401,1501,828
"325","Milebush","95HH12W1",264,384,498,324,1469,881
"326","Northland","95HH13W1",393,516,401,148,1458,917
"327","Sunnylands","95HH14W1",264,421,462,353,1500,883
"328","Victoria_Carrickfergus","95HH15W1",407,779,909,431,2527,1689
"329","Whitehead","95HH16W1",357,501,766,494,2117,1266
"330","Woodburn","95HH17W1",439,679,914,391,2423,1593
"331","Ballyhanwood_1","95II01S1",254,454,577,342,1627,1031
"332","Ballyhanwood_2","95II01S2",209,331,633,398,1571,964
"333","Beechill_1","95II02S1",343,477,657,253,1729,1133
"334","Beechill_2","95II02S2",339,503,643,229,1715,1147
"335","Beechill_3","95II02S3",222,449,555,327,1553,1004
"336","Cairnshill_1","95II03S1",468,697,757,129,2051,1454
"337","Cairnshill_2","95II03S2",296,590,572,320,1778,1162
"338","Carrowreagh_1","95II04S1",626,1124,1017,352,3119,2141
"339","Carrowreagh_2","95II04S2",449,726,659,323,2157,1385
"340","Carryduff East_1","95II05S1",282,496,570,283,1630,1065
"341","Carryduff East_2","95II05S2",441,522,567,416,1946,1089
"342","Carryduff West_1","95II06S1",320,432,560,239,1550,991
"343","Carryduff West_2","95II06S2",405,616,596,292,1910,1213
"344","Cregagh","95II07W1",459,711,660,369,2198,1370
"345","Downshire","95II08W1",472,776,828,398,2474,1604
"346","Dundonald_1","95II09S1",333,573,757,367,2031,1331
"347","Dundonald_2","95II09S2",267,430,530,196,1424,961
"348","Enler","95II10W1",516,798,814,444,2573,1613
"349","Galwally","95II11W1",447,672,923,500,2542,1595
"350","Gilnahirk","95II12W1",468,629,872,525,2494,1501
"351","Graham's Bridge","95II13W1",503,764,890,559,2716,1654
"352","Hillfoot","95II14W1",429,659,844,611,2542,1502
"353","Knockbracken_1","95II15S1",432,595,686,173,1886,1281
"354","Knockbracken_2","95II15S2",265,344,461,421,1490,804
"355","Lisnasharragh","95II16W1",432,615,696,399,2143,1312
"356","Lower Braniel","95II17W1",386,722,854,516,2478,1576
"357","Minnowburn","95II18W1",395,706,630,479,2209,1335
"358","Moneyreagh_1","95II19S1",316,483,736,311,1847,1220
"359","Moneyreagh_2","95II19S2",308,497,730,370,1905,1227
"360","Newtownbreda","95II20W1",504,845,862,494,2706,1708
"361","Tullycarnet","95II21W1",587,779,683,364,2413,1462
"362","Upper Braniel","95II22W1",429,647,785,467,2328,1432
"363","Wynchurch","95II23W1",435,693,786,382,2296,1479
"364","Agivey","95JJ01W1",469,630,960,453,2513,1591
"365","Atlantic","95JJ02W1",394,598,820,535,2347,1418
"366","Ballysally_1","95JJ03S1",402,449,426,163,1440,875
"367","Ballysally_2","95JJ03S2",293,344,389,96,1121,732
"368","Castlerock_1","95JJ04S1",309,388,547,307,1550,934
"369","Castlerock_2","95JJ04S2",239,404,562,369,1575,967
"370","Central_Coleraine","95JJ05W1",279,809,575,445,2109,1385
"371","Churchland","95JJ06W1",561,807,807,353,2528,1614
"372","Cross Glebe","95JJ07W1",682,910,802,416,2809,1711
"373","Dundooan_1","95JJ08S1",219,302,526,365,1411,827
"374","Dundooan_2","95JJ08S2",353,711,582,250,1896,1293
"375","Dunluce","95JJ09W1",282,425,733,575,2016,1159
"376","Garvagh","95JJ10W1",679,793,907,482,2860,1699
"377","Hopefield_1","95JJ11S1",339,431,686,364,1819,1116
"378","Hopefield_2","95JJ11S2",381,481,701,392,1955,1182
"379","Kilrea","95JJ12W1",683,887,864,416,2850,1751
"380","Knocklynn_1","95JJ13S1",528,651,808,228,2215,1459
"381","Knocklynn_2","95JJ13S2",274,429,641,331,1674,1069
"382","Macosquin","95JJ14W1",503,565,868,427,2363,1433
"383","Mount Sandel","95JJ15W1",300,560,553,560,1973,1113
"384","Portstewart","95JJ16W1",247,451,533,440,1670,983
"385","Ringsend","95JJ17W1",539,647,874,441,2501,1521
"386","Royal Portrush","95JJ18W1",289,466,719,489,1964,1186
"387","Strand_1_Coleraine","95JJ19S1",228,533,468,456,1685,1001
"388","Strand_2_Coleraine","95JJ19S2",130,771,275,221,1396,1045
"389","The Cuts_1","95JJ20S1",510,660,781,314,2265,1441
"390","The Cuts_2","95JJ20S2",278,460,708,376,1821,1167
"391","University","95JJ21W1",368,1078,762,430,2638,1840
"392","Waterside","95JJ22W1",493,600,937,634,2664,1537
"393","Ardboe","95KK01W1",646,831,822,352,2651,1653
"394","Coagh","95KK02W1",417,630,630,380,2057,1260
"395","Dunnamore","95KK03W1",665,791,708,329,2492,1498
"396","Gortalowry","95KK04W1",631,1011,830,282,2754,1841
"397","Killycolpy","95KK05W1",644,943,817,336,2741,1761
"398","Killymoon","95KK06W1",351,626,548,297,1821,1173
"399","Lissan","95KK07W1",432,618,702,361,2113,1320
"400","Moneymore","95KK08W1",692,965,793,383,2834,1759
"401","Newbuildings","95KK09W1",517,862,721,412,2512,1583
"402","Oaklands","95KK10W1",536,717,715,326,2293,1431
"403","Oldtown","95KK11W1",561,754,771,337,2423,1525
"404","Pomeroy","95KK12W1",537,834,714,268,2353,1548
"405","Sandholes","95KK13W1",324,505,595,351,1775,1100
"406","Stewartstown","95KK14W1",386,669,657,318,2030,1326
"407","The Loop","95KK15W1",786,1023,943,369,3120,1965
"408","Tullagh","95KK16W1",441,781,697,441,2360,1478
"409","Aghagallon_1","95LL01S1",591,730,890,333,2544,1620
"410","Aghagallon_2","95LL01S2",633,844,844,273,2594,1688
"411","Annagh_1","95LL02S1",389,554,548,233,1723,1101
"412","Annagh_2","95LL02S2",330,812,510,226,1878,1322
"413","Ballybay","95LL03W1",722,1023,777,360,2882,1800
"414","Ballyoran","95LL04W1",711,962,914,481,3069,1877
"415","Bleary_1","95LL05S1",527,663,873,363,2426,1536
"416","Bleary_2","95LL05S2",390,517,663,284,1855,1181
"417","Brownstown_1","95LL06S1",381,566,539,279,1766,1106
"418","Brownstown_2","95LL06S2",325,564,504,432,1825,1068
"419","Church","95LL07W1",492,798,630,414,2334,1428
"420","Corcrain_1","95LL08S1",413,600,521,160,1694,1121
"421","Corcrain_2","95LL08S2",438,747,582,211,1979,1330
"422","Court_1","95LL09S1",323,490,499,208,1519,988
"423","Court_2","95LL09S2",347,479,520,457,1802,998
"424","Derrytrasna_1","95LL10S1",738,1022,1079,339,3178,2101
"425","Derrytrasna_2","95LL10S2",582,811,815,277,2486,1627
"426","Donaghcloney_1","95LL11S1",311,478,535,246,1571,1014
"427","Donaghcloney_2","95LL11S2",645,864,874,287,2670,1738
"428","Drumgask_1","95LL12S1",897,1157,816,249,3120,1974
"429","Drumgask_2","95LL12S2",365,432,348,136,1281,780
"430","Drumgor_1","95LL13S1",368,488,430,170,1455,917
"431","Drumgor_2","95LL13S2",413,478,424,195,1509,901
"432","Drumnamoe_1","95LL14S1",257,411,386,202,1257,798
"433","Drumnamoe_2","95LL14S2",234,396,422,232,1284,818
"434","Edenderry_1","95LL15S1",297,485,506,349,1637,991
"435","Edenderry_2","95LL15S2",244,453,517,415,1628,969
"436","Kernan_1","95LL16S1",770,1111,960,499,3339,2070
"437","Kernan_2","95LL16S2",927,1412,1062,344,3746,2475
"438","Killycomain","95LL17W1",492,709,831,562,2595,1541
"439","Knocknashane_1","95LL18S1",428,602,622,445,2097,1224
"440","Knocknashane_2","95LL18S2",271,464,448,302,1486,913
"441","Magheralin_1","95LL19S1",537,672,875,355,2438,1546
"442","Magheralin_2","95LL19S2",714,982,1055,412,3163,2037
"443","Mourneview","95LL20W1",443,759,778,401,2381,1537
"444","Parklake","95LL21W1",1043,1481,1283,658,4465,2764
"445","Taghnevan","95LL22W1",985,1454,1043,425,3908,2498
"446","Tavanagh","95LL23W1",548,760,707,400,2416,1468
"447","The Birches_1","95LL24S1",515,738,682,265,2199,1419
"448","The Birches_2","95LL24S2",421,583,508,308,1820,1091
"449","Waringstown_1","95LL25S1",670,998,825,401,2894,1823
"450","Waringstown_2","95LL25S2",364,539,693,318,1914,1232
"451","Woodville_1","95LL26S1",249,536,510,205,1500,1046
"452","Woodville_2","95LL26S2",433,731,790,267,2221,1521
"453","Altnagelvin_1","95MM01S1",321,454,450,258,1484,905
"454","Altnagelvin_2","95MM01S2",454,623,590,170,1837,1213
"455","Altnagelvin_3","95MM01S3",310,497,578,237,1622,1075
"456","Ballynashallog_1","95MM02S1",229,375,541,462,1606,915
"457","Ballynashallog_2","95MM02S2",258,432,629,278,1597,1061
"458","Banagher","95MM03W1",833,1092,1175,454,3554,2267
"459","Beechwood","95MM04W1",402,618,730,408,2159,1349
"460","Brandywell","95MM05W1",490,738,791,365,2384,1529
"461","Carn Hill_1","95MM06S1",358,457,416,228,1460,874
"462","Carn Hill_2","95MM06S2",291,387,319,236,1232,705
"463","Caw","95MM07W1",512,812,881,507,2712,1693
"464","Clondermot_1","95MM08S1",275,416,406,201,1298,822
"465","Clondermot_2","95MM08S2",271,476,555,373,1676,1032
"466","Claudy_1","95MM09S1",358,461,517,241,1577,978
"467","Claudy_2","95MM09S2",462,533,677,286,1957,1209
"468","Creggan Central_1","95MM10S1",438,549,382,112,1481,931
"469","Creggan Central_2","95MM10S2",275,448,427,138,1287,874
"470","Creggan South","95MM11W1",796,863,835,258,2752,1698
"471","Crevagh_1","95MM12S1",479,612,634,212,1938,1247
"472","Crevagh_2","95MM12S2",367,468,343,80,1258,811
"473","Crevagh_3","95MM12S3",710,965,819,113,2608,1785
"474","Culmore_1","95MM13S1",239,342,424,195,1200,766
"475","Culmore_2","95MM13S2",375,466,372,145,1358,838
"476","Culmore_3","95MM13S3",415,563,438,135,1551,1001
"477","Culmore_4","95MM13S4",685,786,880,313,2664,1666
"478","Culmore_5","95MM13S5",697,642,847,154,2340,1489
"479","Ebrington_1","95MM14S1",140,226,229,292,888,456
"480","Ebrington_2","95MM14S2",328,621,527,278,1754,1148
"481","Eglinton_1","95MM15S1",323,387,639,416,1766,1027
"482","Eglinton_2","95MM15S2",641,763,962,252,2618,1725
"483","Enagh_1_Derry","95MM16S1",662,953,711,206,2531,1663
"484","Enagh_2_Derry","95MM16S2",821,1038,1147,415,3422,2186
"485","Foyle Springs_1","95MM17S1",379,609,773,203,1964,1382
"486","Foyle Springs_2","95MM17S2",358,542,593,291,1784,1135
"487","Holly Mount_1","95MM18S1",553,808,772,287,2421,1581
"488","Holly Mount_2","95MM18S2",809,1025,1047,254,3135,2072
"489","Kilfennan_1","95MM19S1",242,410,522,342,1516,932
"490","Kilfennan_2","95MM19S2",322,557,499,127,1505,1056
"491","Lisnagelvin_1","95MM20S1",283,405,549,340,1576,953
"492","Lisnagelvin_2","95MM20S2",298,448,547,375,1668,995
"493","New Buildings_1","95MM21S1",365,491,511,237,1604,1002
"494","New Buildings_2","95MM21S2",331,446,615,330,1723,1062
"495","Pennyburn_1","95MM22S1",234,342,372,291,1238,713
"496","Pennyburn_2","95MM22S2",161,275,406,373,1215,681
"497","Rosemount","95MM23W1",427,1017,840,342,2627,1858
"498","Shantallow East","95MM24W1",613,797,716,415,2542,1514
"499","Shantallow West_1","95MM25S1",338,442,356,105,1240,797
"500","Shantallow West_2","95MM25S2",437,537,303,127,1404,840
"501","Shantallow West_3","95MM25S3",669,808,531,87,2094,1338
"502","Shantallow West_4","95MM25S4",581,740,709,137,2166,1448
"503","Springtown_1","95MM26S1",436,551,589,171,1747,1140
"504","Springtown_2","95MM26S2",209,366,513,215,1304,880
"505","Strand_1_Derry","95MM27S1",192,805,609,264,1870,1414
"506","Strand_2_Derry","95MM27S2",187,972,427,282,1868,1399
"507","The Diamond","95MM28W1",359,798,819,316,2292,1617
"508","Victoria_Derry","95MM29W1",820,1351,1105,353,3629,2456
"509","Westland","95MM30W1",448,650,697,353,2148,1347
"510","Ardglass_1","95NN01S1",293,441,428,316,1478,869
"511","Ardglass_2","95NN01S2",391,501,530,294,1716,1031
"512","Audley's Acre","95NN02W1",394,595,734,417,2139,1328
"513","Ballymaglave_1","95NN03S1",239,325,421,243,1227,745
"514","Ballymaglave_2","95NN03S2",308,432,532,332,1603,963
"515","Ballymote","95NN04W1",842,1124,799,314,3080,1924
"516","Ballynahinch East","95NN05W1",529,771,746,435,2481,1517
"517","Castlewellan_1","95NN06S1",249,352,344,176,1121,696
"518","Castlewellan_2","95NN06S2",625,784,756,329,2494,1540
"519","Cathedral_1","95NN07S1",384,586,537,153,1660,1123
"520","Cathedral_2","95NN07S2",357,507,427,261,1551,933
"521","Crossgar_1","95NN08S1",256,379,561,250,1446,940
"522","Crossgar_2","95NN08S2",421,573,616,296,1906,1189
"523","Derryboy_1","95NN09S1",341,536,644,265,1785,1179
"524","Derryboy_2","95NN09S2",232,342,456,354,1385,799
"525","Donard_1","95NN10S1",216,311,492,466,1484,802
"526","Donard_2","95NN10S2",341,432,558,275,1605,989
"527","Drumaness_1","95NN11S1",437,601,546,215,1799,1147
"528","Drumaness_2","95NN11S2",526,638,789,279,2232,1427
"529","Dundrum","95NN12W1",701,859,964,467,2991,1823
"530","Dunmore","95NN13W1",648,782,1084,605,3118,1865
"531","Killough_1","95NN14S1",391,537,598,269,1795,1135
"532","Killough_2","95NN14S2",267,356,432,185,1240,788
"533","Killyleagh","95NN15W1",601,988,1008,528,3125,1996
"534","Kilmore_1","95NN16S1",297,380,575,407,1660,956
"535","Kilmore_2","95NN16S2",295,456,583,301,1636,1040
"536","Murlough","95NN17W1",552,765,710,412,2439,1475
"537","Quoile_1","95NN18S1",256,404,404,218,1283,809
"538","Quoile_2","95NN18S2",298,413,536,289,1536,949
"539","Saintfield_1","95NN19S1",321,469,579,280,1649,1048
"540","Saintfield_2","95NN19S2",354,572,640,342,1908,1212
"541","Seaforde","95NN20W1",653,906,1085,495,3138,1990
"542","Shimna","95NN21W1",502,794,930,590,2816,1724
"543","Strangford","95NN22W1",602,791,952,527,2872,1743
"544","Tollymore_1","95NN23S1",422,556,519,193,1690,1075
"545","Tollymore_2","95NN23S2",384,573,621,378,1955,1193
"546","Altmore","95OO01W1",695,816,830,406,2746,1645
"547","Augher","95OO02W1",514,745,753,298,2310,1498
"548","Aughnacloy","95OO03W1",667,931,889,399,2885,1819
"549","Ballygawley","95OO04W1",663,802,798,357,2620,1600
"550","Ballysaggart","95OO05W1",797,1191,789,315,3092,1980
"551","Benburb","95OO06W1",754,1005,938,385,3083,1944
"552","Caledon","95OO07W1",586,880,788,386,2640,1668
"553","Castlecaulfield","95OO08W1",644,862,897,427,2830,1759
"554","Clogher","95OO09W1",542,734,676,382,2334,1410
"555","Coalisland North","95OO10W1",905,1262,979,459,3604,2240
"556","Coalisland South","95OO11W1",657,891,761,290,2599,1652
"557","Coalisland West and Newmills","95OO12W1",789,904,887,427,3007,1791
"558","Coolhill","95OO13W1",725,1216,895,342,3178,2111
"559","Donaghmore","95OO14W1",590,783,859,370,2601,1641
"560","Drumglass","95OO15W1",614,857,721,262,2454,1578
"561","Fivemiletown","95OO16W1",452,676,697,379,2204,1373
"562","Killyman","95OO17W1",705,931,911,432,2980,1843
"563","Killymeal","95OO18W1",675,1087,934,408,3104,2021
"564","Moy","95OO19W1",776,1081,1025,388,3269,2105
"565","Moygashel","95OO20W1",484,656,672,410,2222,1328
"566","Mullaghmore","95OO21W1",510,908,761,373,2552,1669
"567","Washing Bay","95OO22W1",743,1131,1040,351,3264,2170
"568","Ballinamallard","95PP01W1",563,714,906,392,2574,1619
"569","Belcoo and Garrison","95PP02W1",510,797,943,517,2766,1739
"570","Belleek and Boa","95PP03W1",566,814,851,471,2702,1665
"571","Boho Cleenish and Letterbreen","95PP04W1",740,1043,1158,552,3494,2202
"572","Brookeborough","95PP05W1",569,738,803,476,2586,1541
"573","Castlecoole_1","95PP06S1",500,682,664,243,2090,1347
"574","Castlecoole_2","95PP06S2",326,442,665,343,1775,1106
"575","Derrygonnelly","95PP07W1",605,765,981,533,2883,1745
"576","Derrylin","95PP08W1",627,881,879,442,2829,1760
"577","Devenish","95PP09W1",300,504,461,336,1601,965
"578","Donagh","95PP10W1",518,661,797,402,2378,1458
"579","Erne","95PP11W1",506,722,827,448,2503,1549
"580","Florence Court and Kinawley","95PP12W1",662,776,874,488,2800,1650
"581","Irvinestown","95PP13W1",598,712,761,401,2472,1473
"582","Kesh Ederney and Lack_1","95PP14S1",376,480,554,248,1658,1034
"583","Kesh Ederney and Lack_2","95PP14S2",432,658,724,402,2216,1382
"584","Lisbellaw","95PP15W1",709,878,1020,443,3050,1898
"585","Lisnarrick","95PP16W1",353,493,754,496,2097,1248
"586","Lisnaskea","95PP17W1",571,802,778,463,2614,1580
"587","Maguires Bridge","95PP18W1",693,1041,1061,458,3253,2102
"588","Newtownbutler","95PP19W1",598,714,825,365,2503,1540
"589","Portora","95PP20W1",640,1034,997,511,3182,2031
"590","Rosslea","95PP21W1",494,629,682,368,2173,1311
"591","Rossorry","95PP22W1",475,653,830,511,2468,1482
"592","Tempo","95PP23W1",621,799,963,465,2848,1762
"593","Antiville","95QQ01W1",330,411,439,318,1498,850
"594","Ballycarry","95QQ02W1",578,810,937,439,2765,1748
"595","Ballyloran","95QQ03W1",217,310,282,193,1003,593
"596","Blackcave","95QQ04W1",331,427,545,281,1583,971
"597","Carncastle","95QQ05W1",463,630,1129,602,2824,1759
"598","Carnlough","95QQ06W1",414,589,709,372,2084,1298
"599","Central_Larne","95QQ07W1",202,473,660,475,1809,1132
"600","Craigy Hill","95QQ08W1",224,349,489,352,1414,838
"601","Gardenmore","95QQ09W1",268,411,603,629,1912,1015
"602","Glenarm","95QQ10W1",349,497,677,341,1863,1173
"603","Glynn","95QQ11W1",344,515,775,361,1995,1290
"604","Harbour","95QQ12W1",282,507,618,442,1850,1126
"605","Island Magee","95QQ13W1",440,656,957,511,2564,1613
"606","Kilwaughter_1","95QQ14S1",1004,1504,1276,260,4043,2779
"607","Kilwaughter_2","95QQ14S2",322,422,659,346,1749,1081
"608","Town Parks","95QQ15W1",237,409,513,336,1495,922
"609","Aghanloo_1","95RR01S1",640,807,855,247,2549,1662
"610","Aghanloo_2","95RR01S2",416,562,713,273,1964,1275
"611","Ballykelly","95RR02W1",325,529,608,330,1792,1137
"612","Coolessan","95RR03W1",291,447,454,200,1392,901
"613","Dungiven","95RR04W1",444,701,633,268,2047,1335
"614","Enagh_1_Limavady","95RR05S1",223,347,480,203,1254,828
"615","Enagh_2_Limavady","95RR05S2",283,356,396,192,1227,752
"616","Feeny","95RR06W1",491,799,712,304,2306,1511
"617","Forest","95RR07W1",513,759,856,354,2482,1615
"618","Glack","95RR08W1",446,565,814,324,2149,1379
"619","Gresteel_1","95RR09S1",473,670,720,280,2143,1390
"620","Gresteel_2","95RR09S2",505,847,481,79,1911,1327
"621","Greystone_Limavady","95RR10W1",250,381,404,228,1263,785
"622","Magilligan","95RR11W1",344,695,839,609,2487,1534
"623","Rathbrady","95RR12W1",216,341,516,368,1441,857
"624","Roeside","95RR13W1",222,370,492,369,1454,863
"625","The Highlands","95RR14W1",506,624,657,274,2061,1281
"626","Upper Glenshane","95RR15W1",661,871,752,281,2565,1623
"627","Ballinderry_1","95SS01S1",348,657,911,409,2326,1569
"628","Ballinderry_2","95SS01S2",671,847,1086,331,2934,1932
"629","Ballymacash_1","95SS02S1",460,594,660,491,2204,1253
"630","Ballymacash_2","95SS02S2",415,619,858,346,2238,1477
"631","Ballymacbrennan_1","95SS03S1",275,392,588,351,1606,980
"632","Ballymacbrennan_2","95SS03S2",353,456,672,418,1898,1127
"633","Ballymacoss_1","95SS04S1",632,796,855,247,2531,1652
"634","Ballymacoss_2","95SS04S2",627,1030,619,229,2505,1649
"635","Ballymacoss_3","95SS04S3",949,1588,1260,323,4120,2848
"636","Blaris_1","95SS05S1",244,462,496,335,1538,959
"637","Blaris_2","95SS05S2",297,504,667,383,1851,1171
"638","Collin Glen_1","95SS06S1",432,602,473,95,1602,1075
"639","Collin Glen_2","95SS06S2",755,851,556,86,2249,1408
"640","Collin Glen_3","95SS06S3",585,688,493,121,1888,1182
"641","Derryaghy_1","95SS07S1",1488,1999,1075,95,4657,3074
"642","Derryaghy_2","95SS07S2",459,611,520,55,1646,1132
"643","Derryaghy_3","95SS07S3",914,1280,1337,751,4282,2617
"644","Dromara_1","95SS08S1",364,413,785,345,1907,1198
"645","Dromara_2","95SS08S2",629,726,941,437,2733,1667
"646","Drumbo_1","95SS09S1",318,482,624,355,1780,1107
"647","Drumbo_2","95SS09S2",328,413,595,353,1689,1008
"648","Dunmurry_1","95SS10S1",423,762,688,352,2225,1450
"649","Dunmurry_2","95SS10S2",369,759,843,247,2218,1602
"650","Glenavy_1","95SS11S1",839,981,1081,316,3218,2063
"651","Glenavy_2","95SS11S2",663,854,966,375,2859,1821
"652","Harmony Hill","95SS12W1",495,726,1006,736,2964,1733
"653","Hilden_1","95SS13S1",294,531,502,258,1584,1032
"654","Hilden_2","95SS13S2",243,431,444,225,1342,874
"655","Hillhall_1","95SS14S1",281,437,465,275,1458,902
"656","Hillhall_2","95SS14S2",402,528,523,311,1763,1050
"657","Hillsborough_1","95SS15S1",304,426,702,412,1843,1127
"658","Hillsborough_2","95SS15S2",406,436,743,530,2115,1179
"659","Kilwee_1","95SS16S1",262,491,541,283,1576,1031
"660","Kilwee_2","95SS16S2",344,504,525,236,1608,1028
"661","Knockmore_1","95SS17S1",690,1113,858,449,3110,1971
"662","Knockmore_2","95SS17S2",264,485,477,251,1477,962
"663","Lagan Valley_1","95SS18S1",310,483,401,220,1415,885
"664","Lagan Valley_2","95SS18S2",288,423,454,487,1653,878
"665","Lambeg_1","95SS19S1",222,432,481,210,1345,913
"666","Lambeg_2","95SS19S2",339,490,412,210,1451,902
"667","Lisnagarvey","95SS20W1",360,594,812,794,2560,1406
"668","Maghaberry_1","95SS21S1",640,887,889,280,2696,1776
"669","Maghaberry_2","95SS21S2",506,713,881,404,2504,1594
"670","Magheralave_1","95SS22S1",361,586,403,208,1558,989
"671","Magheralave_2","95SS22S2",344,527,631,475,1976,1157
"672","Maze_1","95SS23S1",470,570,813,455,2307,1382
"673","Maze_2","95SS23S2",345,462,597,253,1658,1060
"674","Moira_1","95SS24S1",624,831,1038,485,2978,1869
"675","Moira_2","95SS24S2",443,546,820,387,2195,1365
"676","Old Warren","95SS25W1",776,954,721,344,2795,1675
"677","Poleglass_1","95SS26S1",578,730,486,163,1957,1216
"678","Poleglass_2","95SS26S2",403,565,563,223,1755,1129
"679","Seymour Hill","95SS27W1",454,731,849,532,2566,1580
"680","Tonagh","95SS28W1",530,863,785,422,2598,1646
"681","Twinbrook_1","95SS29S1",332,426,318,162,1237,743
"682","Twinbrook_2","95SS29S2",319,425,371,213,1328,796
"683","Wallace Park_1","95SS30S1",165,767,275,189,1394,1040
"684","Wallace Park_2","95SS30S2",448,511,732,589,2279,1242
"685","Ballymaguigan","95TT01W1",668,929,897,454,2947,1825
"686","Bellaghy","95TT02W1",665,915,804,367,2751,1719
"687","Castledawson_1","95TT03S1",364,564,477,211,1617,1042
"688","Castledawson_2","95TT03S2",448,532,579,231,1790,1111
"689","Draperstown","95TT04W1",832,1023,926,398,3179,1949
"690","Glebe_1_Magherafelt","95TT05S1",415,595,621,269,1900,1216
"691","Glebe_2_Magherafelt","95TT05S2",302,526,416,183,1427,942
"692","Gulladuff","95TT06W1",704,908,913,390,2915,1821
"693","Knockcloghrim","95TT07W1",622,824,987,434,2866,1810
"694","Lecumpher","95TT08W1",617,935,959,365,2875,1893
"695","Lower Glenshane_1","95TT09S1",336,482,455,234,1507,937
"696","Lower Glenshane_2","95TT09S2",340,434,497,219,1491,932
"697","Maghera","95TT10W1",658,1046,767,387,2858,1813
"698","Swatragh_1","95TT11S1",452,598,542,291,1883,1140
"699","Swatragh_2","95TT11S2",466,547,468,214,1695,1015
"700","Tobermore","95TT12W1",631,821,856,420,2729,1678
"701","Town Parks East_1","95TT13S1",341,526,523,173,1563,1049
"702","Town Parks East_2","95TT13S2",305,490,399,193,1387,889
"703","Town Parks West","95TT14W1",463,671,706,349,2188,1376
"704","Upperlands","95TT15W1",585,766,809,396,2556,1575
"705","Valley","95TT16W1",593,898,846,392,2729,1744
"706","Dalriada","95UU06W1",271,407,509,312,1500,917
"707","Glenariff","95UU09W1",345,477,591,239,1652,1068
"708","Knocklayd","95UU14W1",421,556,579,296,1852,1135
"709","Armoy_&_Moss-side and Moyarget","95UU99C1",451,594,744,300,2089,1338
"710","Ballylough_&_Bushmills","95UU99C2",342,438,628,399,1806,1065
"711","Bonamargy and Rathlin_&_Glenshesk","95UU99C3",307,452,603,484,1846,1055
"712","Carnmoon_&_Dunseverick","95UU99C4",363,479,681,343,1866,1160
"713","Glenaan_&_Glendun","95UU99C5",403,643,821,507,2374,1464
"714","Glentaisie_&_Kinbane","95UU99C6",484,653,788,390,2316,1442
"715","Annalong_1","95VV01S1",326,502,549,262,1638,1050
"716","Annalong_2","95VV01S2",347,518,515,241,1621,1033
"717","Ballybot","95VV02W1",457,709,722,357,2246,1432
"718","Bessbrook","95VV03W1",652,901,808,420,2781,1709
"719","Binnian","95VV04W1",763,996,986,503,3248,1982
"720","Burren and Kilbroney_1","95VV05S1",494,644,697,256,2091,1341
"721","Burren and Kilbroney_2","95VV05S2",727,852,840,250,2669,1692
"722","Camlough","95VV06W1",982,1136,1115,403,3636,2251
"723","Clonallan_1","95VV07S1",399,662,642,316,2018,1303
"724","Clonallan_2","95VV07S2",529,741,861,340,2471,1602
"725","Creggan","95VV08W1",984,1044,987,442,3458,2032
"726","Crossmaglen","95VV09W1",730,908,889,353,2881,1798
"727","Daisy hill_1","95VV10S1",384,593,468,131,1576,1061
"728","Daisy hill_2","95VV10S2",422,629,512,211,1774,1141
"729","Derryleckagh_1","95VV11S1",496,643,697,281,2117,1340
"730","Derryleckagh_2","95VV11S2",646,817,811,260,2536,1630
"731","Derrymore_1","95VV12S1",434,561,475,212,1683,1037
"732","Derrymore_2","95VV12S2",409,532,459,231,1631,991
"733","Donaghmore_1","95VV13S1",617,645,719,230,2210,1363
"734","Donaghmore_2","95VV13S2",315,444,495,205,1460,940
"735","Drumalane_1","95VV14S1",497,730,618,198,2042,1347
"736","Drumalane_2","95VV14S2",269,457,488,272,1485,944
"737","Drumgullion_1","95VV15S1",300,515,413,182,1411,929
"738","Drumgullion_2","95VV15S2",359,664,597,177,1796,1260
"739","Fathom","95VV16W1",754,1076,1093,428,3350,2168
"740","Forkhill_1","95VV17S1",600,720,713,276,2309,1433
"741","Forkhill_2","95VV17S2",663,756,766,224,2409,1522
"742","Kilkeel Central_1","95VV18S1",425,615,565,304,1909,1180
"743","Kilkeel Central_2","95VV18S2",320,560,546,341,1767,1106
"744","Kilkeel South_1","95VV19S1",256,389,388,280,1312,776
"745","Kilkeel South_2","95VV19S2",440,546,461,202,1650,1008
"746","Lisnacree","95VV20W1",730,952,1024,460,3165,1975
"747","Mayobridge_1","95VV21S1",643,794,786,238,2462,1581
"748","Mayobridge_2","95VV21S2",513,628,579,207,1928,1208
"749","Newtownhamilton","95VV22W1",850,1062,889,364,3166,1952
"750","Rostrevor","95VV23W1",529,808,998,530,2865,1806
"751","Seaview_1","95VV24S1",284,434,563,335,1616,997
"752","Seaview_2","95VV24S2",305,483,488,300,1576,971
"753","Silver Bridge_1","95VV25S1",545,619,556,238,1958,1175
"754","Silver Bridge_2","95VV25S2",511,657,628,242,2039,1286
"755","Spelga","95VV26W1",990,1229,1105,426,3750,2334
"756","St Mary's","95VV27W1",430,821,690,433,2375,1512
"757","St Patrick's_1","95VV28S1",547,755,697,322,2321,1452
"758","St Patrick's_2","95VV28S2",222,419,415,230,1286,834
"759","Tullyhappy","95VV29W1",961,1031,1089,415,3497,2121
"760","Windsor Hill_1","95VV30S1",295,477,545,304,1622,1023
"761","Windsor Hill_2","95VV30S2",299,499,420,267,1485,919
"762","Abbey_1","95WW01S1",208,391,478,401,1479,870
"763","Abbey_2","95WW01S2",292,429,397,194,1312,826
"764","Ballyclare North_1","95WW02S1",409,502,600,376,1887,1102
"765","Ballyclare North_2","95WW02S2",509,661,733,296,2199,1394
"766","Ballyclare South_1","95WW03S1",249,483,497,329,1557,979
"767","Ballyclare South_2","95WW03S2",492,655,675,253,2075,1330
"768","Ballyduff_1","95WW04S1",358,551,403,251,1563,954
"769","Ballyduff_2","95WW04S2",216,338,367,266,1186,704
"770","Ballyhenry_1","95WW05S1",286,452,509,250,1497,961
"771","Ballyhenry_2","95WW05S2",206,320,396,335,1257,716
"772","Ballynure_1","95WW06S1",288,422,584,282,1575,1005
"773","Ballynure_2","95WW06S2",349,425,630,315,1719,1055
"774","Ballyrobert_1","95WW07S1",377,521,734,365,1998,1256
"775","Ballyrobert_2","95WW07S2",505,690,832,384,2411,1522
"776","Burnthill_1","95WW08S1",219,327,346,227,1118,672
"777","Burnthill_2","95WW08S2",207,318,416,371,1311,733
"778","Carnmoney_1","95WW09S1",284,379,367,297,1327,746
"779","Carnmoney_2","95WW09S2",215,278,393,396,1282,671
"780","Cloughfern_1","95WW10S1",360,500,550,213,1623,1050
"781","Cloughfern_2","95WW10S2",252,378,334,263,1227,712
"782","Collinbridge_1","95WW11S1",348,466,634,213,1661,1100
"783","Collinbridge_2","95WW11S2",227,379,430,304,1340,809
"784","Coole","95WW12W1",506,742,700,379,2327,1442
"785","Doagh_1","95WW13S1",348,519,648,328,1843,1167
"786","Doagh_2","95WW13S2",435,531,667,245,1878,1198
"787","Dunanney","95WW14W1",520,739,676,345,2279,1414
"788","Glebe_1_Newtownabbey","95WW15S1",410,519,489,236,1654,1008
"789","Glebe_2_Newtownabbey","95WW15S2",266,467,587,308,1627,1053
"790","Glengormley_1","95WW16S1",342,523,483,293,1642,1007
"791","Glengormley_2","95WW16S2",231,398,356,238,1223,754
"792","Hawthorne","95WW17W1",358,595,715,545,2214,1311
"793","Hightown","95WW18W1",416,656,678,523,2273,1334
"794","Jordanstown_1","95WW19S1",291,479,619,400,1788,1097
"795","Jordanstown_2","95WW19S2",521,515,895,206,2136,1409
"796","Jordanstown_3","95WW19S3",511,528,937,341,2317,1465
"797","Mallusk_1","95WW20S1",349,471,682,297,1799,1153
"798","Mallusk_2","95WW20S2",1663,2362,1575,232,5832,3937
"799","Mallusk_3","95WW20S3",386,531,734,210,1861,1265
"800","Monkstown_1","95WW21S1",299,460,458,286,1503,918
"801","Monkstown_2","95WW21S2",522,726,619,164,2030,1344
"802","Mossley_1","95WW22S1",258,422,470,201,1351,892
"803","Mossley_2","95WW22S2",377,509,497,245,1628,1006
"804","Rostulla_1","95WW23S1",406,736,734,414,2291,1471
"805","Rostulla_2","95WW23S2",226,1190,555,289,2259,1744
"806","Valley_1","95WW24S1",363,515,534,355,1767,1049
"807","Valley_2","95WW24S2",448,746,566,230,1989,1311
"808","Whitehouse","95WW25W1",345,557,755,524,2181,1312
"809","Ballycrochan_1","95XX01S1",293,436,646,307,1682,1082
"810","Ballycrochan_2","95XX01S2",413,553,765,125,1857,1319
"811","Ballycrochan_3","95XX01S3",314,431,577,253,1575,1008
"812","Ballyholme","95XX02W1",527,567,964,658,2716,1531
"813","Ballymaconnell_1","95XX03S1",213,233,423,340,1208,655
"814","Ballymaconnell_2","95XX03S2",255,391,477,307,1429,867
"815","Ballymagee_1","95XX04S1",326,425,679,365,1794,1103
"816","Ballymagee_2","95XX04S2",376,534,650,254,1814,1184
"817","Bangor Castle","95XX05W1",355,617,850,735,2558,1468
"818","Bloomfield_1_NorthDown","95XX06S1",469,617,580,321,1987,1197
"819","Bloomfield_2_NorthDown","95XX06S2",499,700,699,247,2145,1399
"820","Broadway_1","95XX07S1",184,331,446,388,1348,776
"821","Broadway_2","95XX07S2",236,271,448,440,1394,718
"822","Bryansburn_1","95XX08S1",200,295,480,334,1310,776
"823","Bryansburn_2","95XX08S2",183,267,386,412,1247,652
"824","Churchill_1","95XX09S1",226,261,392,548,1427,653
"825","Churchill_2","95XX09S2",257,353,535,324,1470,889
"826","Clandeboye_1","95XX10S1",499,541,592,157,1789,1133
"827","Clandeboye_2","95XX10S2",439,579,655,164,1838,1235
"828","Clandeboye_3","95XX10S3",329,413,368,201,1312,782
"829","Conlig_1","95XX11S1",676,939,869,299,2783,1808
"830","Conlig_2","95XX11S2",703,1151,784,190,2829,1936
"831","Conlig_3","95XX11S3",359,604,487,177,1627,1091
"832","Craigavad","95XX12W1",425,521,988,639,2573,1509
"833","Crawfordsburn","95XX13W1",441,544,947,921,2853,1491
"834","Cultra","95XX14W1",437,509,847,709,2502,1356
"835","Dufferin","95XX15W1",484,769,842,494,2589,1611
"836","Groomsport","95XX16W1",369,493,1107,1066,3035,1600
"837","Harbour_1","95XX17S1",219,567,558,229,1573,1125
"838","Harbour_2","95XX17S2",260,431,571,250,1512,1002
"839","Holywood Demesne","95XX18W1",470,883,997,590,2940,1880
"840","Holywood Priory","95XX19W1",487,554,1030,656,2728,1585
"841","Loughview_1","95XX20S1",432,598,679,328,2036,1276
"842","Loughview_2","95XX20S2",339,693,186,89,1307,879
"843","Princetown","95XX21W1",460,527,983,916,2886,1510
"844","Rathgael","95XX22W1",340,566,737,467,2109,1302
"845","Silverstream","95XX23W1",581,1124,983,497,3184,2106
"846","Springhill_1","95XX24S1",224,317,436,348,1324,752
"847","Springhill_2","95XX24S2",204,341,432,405,1383,774
"848","Whitehill","95XX25W1",545,731,803,443,2522,1534
"849","Beragh","95YY01W1",596,795,859,411,2661,1654
"850","Camowen","95YY02W1",407,649,758,531,2345,1407
"851","Clanabogan","95YY03W1",838,918,1054,464,3273,1971
"852","Coolnagard","95YY04W1",800,1117,1104,472,3494,2222
"853","Dergmoney","95YY05W1",260,442,579,375,1655,1020
"854","Dromore","95YY06W1",527,747,766,336,2376,1513
"855","Drumnakilly","95YY07W1",726,963,954,374,3017,1917
"856","Drumquin","95YY08W1",544,679,797,302,2322,1476
"857","Drumragh","95YY09W1",299,641,806,490,2236,1447
"858","Fairy Water","95YY10W1",387,607,784,379,2157,1391
"859","Fintona","95YY11W1",407,624,682,350,2063,1306
"860","Gortin","95YY12W1",695,930,947,439,3011,1877
"861","Gortrush_1","95YY13S1",353,545,443,172,1513,988
"862","Gortrush_2","95YY13S2",245,391,447,256,1339,838
"863","Killyclogher_1","95YY14S1",362,555,545,145,1607,1100
"864","Killyclogher_2","95YY14S2",409,548,495,137,1590,1044
"865","Lisanelly_1","95YY15S1",48,94,124,115,381,218
"866","Lisanelly_2","95YY15S2",435,605,465,125,1631,1071
"867","Newtownsaville","95YY16W1",537,746,811,362,2456,1557
"868","Owenkillew","95YY17W1",566,763,771,312,2411,1533
"869","Sixmilecross","95YY18W1",603,720,770,295,2389,1491
"870","Strule","95YY19W1",276,422,444,300,1442,866
"871","Termon","95YY20W1",542,828,725,357,2452,1553
"872","Trillick","95YY21W1",576,752,779,356,2463,1531
"873","Artigarvan","95ZZ01W1",585,875,977,437,2873,1851
"874","Ballycolman","95ZZ02W1",352,529,555,282,1718,1084
"875","Castlederg","95ZZ03W1",374,653,649,454,2131,1303
"876","Clare","95ZZ04W1",528,808,858,467,2660,1665
"877","Dunnamanagh","95ZZ05W1",482,680,748,321,2231,1428
"878","East","95ZZ06W1",315,503,534,307,1659,1037
"879","Finn","95ZZ07W1",677,940,919,382,2919,1860
"880","Glenderg","95ZZ08W1",602,833,831,421,2688,1665
"881","Newtownstewart","95ZZ09W1",433,671,743,399,2246,1414
"882","North","95ZZ10W1",844,1044,1112,442,3441,2155
"883","Plumbridge","95ZZ11W1",439,650,733,367,2189,1383
"884","Sion Mills","95ZZ12W1",451,649,761,399,2260,1410
"885","Slievekirk","95ZZ13W1",527,715,841,365,2448,1556
"886","South_1","95ZZ14S1",471,626,551,269,1916,1176
"887","South_2","95ZZ14S2",233,387,464,230,1314,851
"888","Victoria Bridge","95ZZ15W1",459,673,727,421,2279,1399
"889","West_1","95ZZ16S1",542,655,613,155,1966,1269
"890","West_2","95ZZ16S2",223,337,434,347,1341,771
