"","LSOA21CD","claimants_2022"
"1","W01000003",69.1666666666667
"2","W01000004",19.5833333333333
"3","W01000005",32.0833333333333
"4","W01000006",16.6666666666667
"5","W01000007",27.0833333333333
"6","W01000008",14.5833333333333
"7","W01000009",40
"8","W01000010",19.1666666666667
"9","W01000011",15.8333333333333
"10","W01000012",28.75
"11","W01000013",20.4166666666667
"12","W01000014",35.4166666666667
"13","W01000015",12.5
"14","W01000016",56.6666666666667
"15","W01000017",59.5833333333333
"16","W01000018",25
"17","W01000019",13.75
"18","W01000021",34.5833333333333
"19","W01000022",27.0833333333333
"20","W01000023",28.75
"21","W01000024",22.9166666666667
"22","W01000025",22.9166666666667
"23","W01000026",17.9166666666667
"24","W01000027",29.1666666666667
"25","W01000028",30.8333333333333
"26","W01000029",47.5
"27","W01000030",75.8333333333333
"28","W01000031",28.3333333333333
"29","W01000033",71.6666666666667
"30","W01000034",27.9166666666667
"31","W01000035",24.1666666666667
"32","W01000036",65
"33","W01000037",24.5833333333333
"34","W01000038",30.4166666666667
"35","W01000040",12.0833333333333
"36","W01000041",47.0833333333333
"37","W01000042",32.9166666666667
"38","W01000044",5.41666666666667
"39","W01000047",9.16666666666667
"40","W01000050",37.5
"41","W01000051",25.8333333333333
"42","W01000052",9.58333333333333
"43","W01000053",21.6666666666667
"44","W01000054",8.75
"45","W01000056",33.3333333333333
"46","W01000057",8.75
"47","W01000059",56.6666666666667
"48","W01000060",20.8333333333333
"49","W01000061",20
"50","W01000062",58.75
"51","W01000063",40
"52","W01000064",32.0833333333333
"53","W01000065",22.0833333333333
"54","W01000066",15.4166666666667
"55","W01000067",15
"56","W01000068",23.75
"57","W01000070",10.4166666666667
"58","W01000071",44.1666666666667
"59","W01000072",32.5
"60","W01000073",20.4166666666667
"61","W01000074",23.75
"62","W01000075",39.1666666666667
"63","W01000076",67.0833333333333
"64","W01000077",31.6666666666667
"65","W01000078",21.6666666666667
"66","W01000080",15.4166666666667
"67","W01000081",28.3333333333333
"68","W01000082",11.6666666666667
"69","W01000083",3.75
"70","W01000084",6.25
"71","W01000085",32.0833333333333
"72","W01000086",38.3333333333333
"73","W01000087",18.3333333333333
"74","W01000088",29.5833333333333
"75","W01000089",17.9166666666667
"76","W01000090",51.6666666666667
"77","W01000091",68.3333333333333
"78","W01000092",34.5833333333333
"79","W01000093",31.6666666666667
"80","W01000094",7.91666666666667
"81","W01000095",21.25
"82","W01000096",28.3333333333333
"83","W01000097",47.5
"84","W01000098",96.6666666666667
"85","W01000099",25.4166666666667
"86","W01000100",10.4166666666667
"87","W01000101",12.5
"88","W01000102",7.91666666666667
"89","W01000103",25.4166666666667
"90","W01000104",29.5833333333333
"91","W01000105",28.75
"92","W01000106",10.4166666666667
"93","W01000107",25
"94","W01000108",49.1666666666667
"95","W01000109",28.3333333333333
"96","W01000110",13.3333333333333
"97","W01000111",48.3333333333333
"98","W01000112",32.5
"99","W01000113",28.75
"100","W01000114",18.75
"101","W01000115",30
"102","W01000116",10.4166666666667
"103","W01000117",35.4166666666667
"104","W01000118",23.75
"105","W01000119",37.9166666666667
"106","W01000121",18.75
"107","W01000122",24.5833333333333
"108","W01000123",32.0833333333333
"109","W01000124",19.1666666666667
"110","W01000125",14.5833333333333
"111","W01000126",27.0833333333333
"112","W01000127",42.5
"113","W01000128",32.5
"114","W01000129",27.5
"115","W01000130",12.0833333333333
"116","W01000131",32.0833333333333
"117","W01000132",46.6666666666667
"118","W01000133",11.6666666666667
"119","W01000134",33.3333333333333
"120","W01000135",19.1666666666667
"121","W01000136",29.1666666666667
"122","W01000137",11.6666666666667
"123","W01000138",57.5
"124","W01000139",30.8333333333333
"125","W01000140",40
"126","W01000141",7.08333333333333
"127","W01000142",12.9166666666667
"128","W01000143",54.5833333333333
"129","W01000144",125.416666666667
"130","W01000145",30.4166666666667
"131","W01000146",81.6666666666667
"132","W01000147",28.75
"133","W01000148",14.5833333333333
"134","W01000149",39.5833333333333
"135","W01000150",21.25
"136","W01000151",39.1666666666667
"137","W01000152",28.3333333333333
"138","W01000153",29.5833333333333
"139","W01000154",11.25
"140","W01000155",17.0833333333333
"141","W01000156",27.5
"142","W01000157",49.5833333333333
"143","W01000158",13.75
"144","W01000159",10.4166666666667
"145","W01000162",11.6666666666667
"146","W01000163",67.9166666666667
"147","W01000164",20.4166666666667
"148","W01000165",16.25
"149","W01000166",35.8333333333333
"150","W01000167",61.6666666666667
"151","W01000168",48.75
"152","W01000169",55.8333333333333
"153","W01000170",25.4166666666667
"154","W01000171",39.5833333333333
"155","W01000172",37.5
"156","W01000173",17.5
"157","W01000174",9.16666666666667
"158","W01000175",14.5833333333333
"159","W01000176",41.25
"160","W01000177",13.75
"161","W01000178",63.3333333333333
"162","W01000179",21.25
"163","W01000180",9.58333333333333
"164","W01000181",12.0833333333333
"165","W01000182",86.25
"166","W01000183",17.0833333333333
"167","W01000184",51.25
"168","W01000185",17.0833333333333
"169","W01000186",46.25
"170","W01000187",78.3333333333333
"171","W01000188",20.8333333333333
"172","W01000189",8.75
"173","W01000190",10.4166666666667
"174","W01000191",36.25
"175","W01000192",13.3333333333333
"176","W01000193",33.75
"177","W01000194",49.5833333333333
"178","W01000195",7.5
"179","W01000196",8.33333333333333
"180","W01000197",14.5833333333333
"181","W01000198",46.6666666666667
"182","W01000199",23.75
"183","W01000200",9.58333333333333
"184","W01000201",28.75
"185","W01000202",15.8333333333333
"186","W01000203",19.1666666666667
"187","W01000204",10.8333333333333
"188","W01000205",7.91666666666667
"189","W01000206",20.4166666666667
"190","W01000207",20.4166666666667
"191","W01000208",27.9166666666667
"192","W01000209",22.9166666666667
"193","W01000210",14.5833333333333
"194","W01000211",16.25
"195","W01000212",25
"196","W01000213",41.6666666666667
"197","W01000214",32.0833333333333
"198","W01000215",14.1666666666667
"199","W01000216",32.0833333333333
"200","W01000217",27.0833333333333
"201","W01000218",32.5
"202","W01000219",47.5
"203","W01000220",22.5
"204","W01000221",26.25
"205","W01000222",20.4166666666667
"206","W01000223",17.0833333333333
"207","W01000224",25.8333333333333
"208","W01000225",25
"209","W01000226",40.4166666666667
"210","W01000227",20.8333333333333
"211","W01000228",79.1666666666667
"212","W01000229",30
"213","W01000230",31.25
"214","W01000231",24.5833333333333
"215","W01000232",23.3333333333333
"216","W01000233",27.9166666666667
"217","W01000234",63.75
"218","W01000235",13.75
"219","W01000236",103.333333333333
"220","W01000237",72.5
"221","W01000238",42.5
"222","W01000239",141.25
"223","W01000240",204.583333333333
"224","W01000241",93.75
"225","W01000242",32.0833333333333
"226","W01000243",26.6666666666667
"227","W01000244",5.41666666666667
"228","W01000245",20
"229","W01000246",32.5
"230","W01000247",15.8333333333333
"231","W01000248",16.25
"232","W01000249",5.41666666666667
"233","W01000250",13.75
"234","W01000251",28.75
"235","W01000252",10.8333333333333
"236","W01000253",41.6666666666667
"237","W01000254",55.8333333333333
"238","W01000255",30
"239","W01000256",22.9166666666667
"240","W01000257",28.3333333333333
"241","W01000258",32.9166666666667
"242","W01000259",37.5
"243","W01000260",19.5833333333333
"244","W01000261",19.5833333333333
"245","W01000262",54.1666666666667
"246","W01000263",53.3333333333333
"247","W01000264",32.0833333333333
"248","W01000265",15.8333333333333
"249","W01000266",32.0833333333333
"250","W01000267",21.25
"251","W01000268",14.5833333333333
"252","W01000269",27.9166666666667
"253","W01000270",2.5
"254","W01000271",15
"255","W01000272",18.75
"256","W01000273",34.1666666666667
"257","W01000274",80
"258","W01000275",19.1666666666667
"259","W01000276",20.8333333333333
"260","W01000277",20.4166666666667
"261","W01000278",42.0833333333333
"262","W01000279",10
"263","W01000280",17.0833333333333
"264","W01000281",16.6666666666667
"265","W01000282",10.8333333333333
"266","W01000283",43.3333333333333
"267","W01000284",13.3333333333333
"268","W01000285",17.5
"269","W01000286",25.8333333333333
"270","W01000287",42.5
"271","W01000288",83.3333333333333
"272","W01000289",15
"273","W01000290",49.5833333333333
"274","W01000291",23.75
"275","W01000292",38.3333333333333
"276","W01000293",67.9166666666667
"277","W01000294",17.5
"278","W01000295",20.4166666666667
"279","W01000296",46.25
"280","W01000297",28.3333333333333
"281","W01000298",25.4166666666667
"282","W01000299",12.0833333333333
"283","W01000300",15.4166666666667
"284","W01000301",18.75
"285","W01000302",13.3333333333333
"286","W01000303",12.0833333333333
"287","W01000304",84.5833333333333
"288","W01000305",43.3333333333333
"289","W01000306",65.8333333333333
"290","W01000307",10.4166666666667
"291","W01000308",17.5
"292","W01000309",44.5833333333333
"293","W01000310",21.6666666666667
"294","W01000311",22.9166666666667
"295","W01000312",26.6666666666667
"296","W01000313",31.6666666666667
"297","W01000314",32.9166666666667
"298","W01000315",42.5
"299","W01000316",7.5
"300","W01000317",9.16666666666667
"301","W01000318",64.5833333333333
"302","W01000319",38.75
"303","W01000320",48.3333333333333
"304","W01000321",14.1666666666667
"305","W01000322",9.16666666666667
"306","W01000323",14.5833333333333
"307","W01000324",8.75
"308","W01000325",15.4166666666667
"309","W01000326",15
"310","W01000327",17.9166666666667
"311","W01000328",79.5833333333333
"312","W01000329",36.6666666666667
"313","W01000330",55.4166666666667
"314","W01000331",16.6666666666667
"315","W01000332",27.9166666666667
"316","W01000333",51.6666666666667
"317","W01000334",40.4166666666667
"318","W01000335",29.5833333333333
"319","W01000336",69.5833333333333
"320","W01000337",42.0833333333333
"321","W01000338",22.0833333333333
"322","W01000339",20.8333333333333
"323","W01000340",21.6666666666667
"324","W01000341",22.9166666666667
"325","W01000342",39.5833333333333
"326","W01000343",6.25
"327","W01000344",7.91666666666667
"328","W01000345",13.3333333333333
"329","W01000346",15.8333333333333
"330","W01000347",32.5
"331","W01000348",37.9166666666667
"332","W01000349",42.9166666666667
"333","W01000350",49.5833333333333
"334","W01000351",40
"335","W01000354",35.8333333333333
"336","W01000355",53.3333333333333
"337","W01000356",29.1666666666667
"338","W01000359",10.8333333333333
"339","W01000360",22.5
"340","W01000361",34.1666666666667
"341","W01000362",31.25
"342","W01000363",12.5
"343","W01000364",15.8333333333333
"344","W01000365",25.4166666666667
"345","W01000366",17.0833333333333
"346","W01000367",12.9166666666667
"347","W01000368",10.8333333333333
"348","W01000369",15
"349","W01000370",9.58333333333333
"350","W01000371",33.3333333333333
"351","W01000372",75.4166666666667
"352","W01000373",50
"353","W01000374",25.4166666666667
"354","W01000375",32.5
"355","W01000376",12.0833333333333
"356","W01000377",14.5833333333333
"357","W01000378",35
"358","W01000379",39.5833333333333
"359","W01000380",10.4166666666667
"360","W01000381",29.1666666666667
"361","W01000382",49.5833333333333
"362","W01000384",10.8333333333333
"363","W01000385",12.5
"364","W01000386",32.9166666666667
"365","W01000387",5.41666666666667
"366","W01000388",10.8333333333333
"367","W01000389",22.5
"368","W01000390",15.4166666666667
"369","W01000391",13.3333333333333
"370","W01000392",41.25
"371","W01000393",33.3333333333333
"372","W01000394",7.5
"373","W01000395",12.9166666666667
"374","W01000398",12.5
"375","W01000399",9.16666666666667
"376","W01000400",30.4166666666667
"377","W01000401",41.6666666666667
"378","W01000402",95.8333333333333
"379","W01000403",11.25
"380","W01000404",18.3333333333333
"381","W01000405",59.5833333333333
"382","W01000406",52.0833333333333
"383","W01000407",7.91666666666667
"384","W01000408",17.9166666666667
"385","W01000409",83.3333333333333
"386","W01000410",32.0833333333333
"387","W01000411",47.5
"388","W01000412",18.3333333333333
"389","W01000413",74.5833333333333
"390","W01000414",49.1666666666667
"391","W01000415",11.6666666666667
"392","W01000416",9.16666666666667
"393","W01000417",9.58333333333333
"394","W01000418",21.25
"395","W01000419",30.4166666666667
"396","W01000420",42.9166666666667
"397","W01000422",26.6666666666667
"398","W01000423",69.5833333333333
"399","W01000424",29.5833333333333
"400","W01000425",80.8333333333333
"401","W01000426",18.75
"402","W01000427",17.5
"403","W01000428",8.33333333333333
"404","W01000429",15.4166666666667
"405","W01000430",9.16666666666667
"406","W01000431",21.6666666666667
"407","W01000432",5.41666666666667
"408","W01000433",15
"409","W01000434",10
"410","W01000438",20.8333333333333
"411","W01000439",12.9166666666667
"412","W01000440",8.33333333333333
"413","W01000441",9.16666666666667
"414","W01000442",25
"415","W01000443",17.5
"416","W01000444",15.8333333333333
"417","W01000445",12.5
"418","W01000446",34.1666666666667
"419","W01000447",15.4166666666667
"420","W01000448",18.3333333333333
"421","W01000449",31.6666666666667
"422","W01000450",12.5
"423","W01000451",12.9166666666667
"424","W01000452",18.3333333333333
"425","W01000453",10.4166666666667
"426","W01000454",62.9166666666667
"427","W01000455",50.4166666666667
"428","W01000456",42.9166666666667
"429","W01000457",22.5
"430","W01000458",20.8333333333333
"431","W01000459",11.25
"432","W01000460",19.5833333333333
"433","W01000461",30.4166666666667
"434","W01000464",13.3333333333333
"435","W01000465",4.58333333333333
"436","W01000466",12.9166666666667
"437","W01000467",22.9166666666667
"438","W01000470",24.5833333333333
"439","W01000471",21.25
"440","W01000472",16.6666666666667
"441","W01000473",46.25
"442","W01000474",15.8333333333333
"443","W01000475",17.5
"444","W01000476",10.4166666666667
"445","W01000477",16.25
"446","W01000478",45
"447","W01000479",35
"448","W01000480",52.0833333333333
"449","W01000481",26.6666666666667
"450","W01000482",23.75
"451","W01000483",52.9166666666667
"452","W01000484",19.5833333333333
"453","W01000485",12.5
"454","W01000486",20
"455","W01000487",37.0833333333333
"456","W01000488",17.5
"457","W01000489",20.4166666666667
"458","W01000492",30
"459","W01000493",10
"460","W01000494",26.25
"461","W01000496",27.9166666666667
"462","W01000497",8.33333333333333
"463","W01000498",50
"464","W01000499",21.25
"465","W01000500",27.0833333333333
"466","W01000501",30.8333333333333
"467","W01000502",23.3333333333333
"468","W01000503",5.41666666666667
"469","W01000504",38.75
"470","W01000505",17.9166666666667
"471","W01000506",15.8333333333333
"472","W01000507",9.58333333333333
"473","W01000508",20
"474","W01000509",32.0833333333333
"475","W01000510",37.9166666666667
"476","W01000511",60.4166666666667
"477","W01000512",17.5
"478","W01000513",62.9166666666667
"479","W01000515",35.4166666666667
"480","W01000516",27.5
"481","W01000517",47.9166666666667
"482","W01000518",13.3333333333333
"483","W01000519",17.9166666666667
"484","W01000522",15.4166666666667
"485","W01000523",24.1666666666667
"486","W01000524",25.4166666666667
"487","W01000525",7.08333333333333
"488","W01000527",27.9166666666667
"489","W01000528",27.0833333333333
"490","W01000531",28.3333333333333
"491","W01000533",28.3333333333333
"492","W01000534",13.75
"493","W01000535",22.5
"494","W01000536",18.75
"495","W01000537",16.6666666666667
"496","W01000538",13.75
"497","W01000539",16.6666666666667
"498","W01000540",18.75
"499","W01000541",13.75
"500","W01000542",27.0833333333333
"501","W01000543",29.5833333333333
"502","W01000545",65.8333333333333
"503","W01000546",20.8333333333333
"504","W01000547",11.25
"505","W01000548",20.8333333333333
"506","W01000549",15
"507","W01000550",19.1666666666667
"508","W01000551",21.25
"509","W01000552",18.3333333333333
"510","W01000553",16.25
"511","W01000554",15.4166666666667
"512","W01000555",14.1666666666667
"513","W01000556",14.5833333333333
"514","W01000557",10.4166666666667
"515","W01000558",35
"516","W01000559",17.0833333333333
"517","W01000560",19.5833333333333
"518","W01000561",17.9166666666667
"519","W01000562",22.5
"520","W01000563",9.58333333333333
"521","W01000564",9.58333333333333
"522","W01000565",37.0833333333333
"523","W01000566",28.75
"524","W01000567",46.6666666666667
"525","W01000569",12.5
"526","W01000570",87.0833333333333
"527","W01000571",60
"528","W01000572",18.75
"529","W01000573",36.6666666666667
"530","W01000574",15.4166666666667
"531","W01000575",36.6666666666667
"532","W01000576",25.4166666666667
"533","W01000577",11.6666666666667
"534","W01000578",17.9166666666667
"535","W01000579",31.6666666666667
"536","W01000580",22.9166666666667
"537","W01000581",12.5
"538","W01000582",14.1666666666667
"539","W01000583",18.75
"540","W01000584",23.75
"541","W01000585",12.9166666666667
"542","W01000586",45.4166666666667
"543","W01000587",44.5833333333333
"544","W01000588",96.6666666666667
"545","W01000589",27.0833333333333
"546","W01000590",18.3333333333333
"547","W01000591",32.5
"548","W01000592",40
"549","W01000594",79.5833333333333
"550","W01000595",47.0833333333333
"551","W01000596",12.0833333333333
"552","W01000597",17.9166666666667
"553","W01000598",34.1666666666667
"554","W01000599",32.5
"555","W01000600",84.1666666666667
"556","W01000601",59.1666666666667
"557","W01000602",38.75
"558","W01000603",57.9166666666667
"559","W01000604",50.8333333333333
"560","W01000605",35
"561","W01000606",74.5833333333333
"562","W01000607",57.5
"563","W01000608",41.25
"564","W01000609",25.4166666666667
"565","W01000610",16.25
"566","W01000611",16.6666666666667
"567","W01000612",20.4166666666667
"568","W01000613",27.9166666666667
"569","W01000614",19.5833333333333
"570","W01000617",27.5
"571","W01000618",21.6666666666667
"572","W01000619",34.1666666666667
"573","W01000622",18.3333333333333
"574","W01000623",21.25
"575","W01000624",16.6666666666667
"576","W01000625",27.5
"577","W01000626",52.5
"578","W01000627",40.4166666666667
"579","W01000628",23.75
"580","W01000629",30.8333333333333
"581","W01000630",24.5833333333333
"582","W01000631",60.4166666666667
"583","W01000632",25.4166666666667
"584","W01000633",30
"585","W01000634",14.1666666666667
"586","W01000635",20.8333333333333
"587","W01000636",33.75
"588","W01000637",31.6666666666667
"589","W01000638",38.3333333333333
"590","W01000639",35
"591","W01000640",5.41666666666667
"592","W01000641",88.3333333333333
"593","W01000642",20
"594","W01000643",28.3333333333333
"595","W01000644",20.4166666666667
"596","W01000645",38.3333333333333
"597","W01000646",43.3333333333333
"598","W01000647",22.0833333333333
"599","W01000648",9.58333333333333
"600","W01000649",11.25
"601","W01000650",18.3333333333333
"602","W01000651",20.8333333333333
"603","W01000652",35.8333333333333
"604","W01000653",21.25
"605","W01000654",64.1666666666667
"606","W01000655",41.25
"607","W01000656",61.6666666666667
"608","W01000657",27.0833333333333
"609","W01000658",37.5
"610","W01000659",48.75
"611","W01000660",46.25
"612","W01000662",27.0833333333333
"613","W01000663",21.6666666666667
"614","W01000664",20
"615","W01000665",14.1666666666667
"616","W01000666",16.6666666666667
"617","W01000667",32.0833333333333
"618","W01000670",42.5
"619","W01000671",29.1666666666667
"620","W01000672",17.5
"621","W01000673",15.4166666666667
"622","W01000674",28.3333333333333
"623","W01000675",20.4166666666667
"624","W01000676",28.75
"625","W01000677",27.0833333333333
"626","W01000678",20.8333333333333
"627","W01000679",24.5833333333333
"628","W01000680",20.8333333333333
"629","W01000681",42.0833333333333
"630","W01000682",11.6666666666667
"631","W01000683",13.75
"632","W01000684",15.8333333333333
"633","W01000685",30
"634","W01000686",11.6666666666667
"635","W01000687",21.25
"636","W01000688",32.9166666666667
"637","W01000689",24.5833333333333
"638","W01000690",20.8333333333333
"639","W01000691",24.1666666666667
"640","W01000692",20.8333333333333
"641","W01000693",12.5
"642","W01000694",7.08333333333333
"643","W01000695",24.1666666666667
"644","W01000696",20.4166666666667
"645","W01000697",30.4166666666667
"646","W01000698",30.4166666666667
"647","W01000699",12.5
"648","W01000700",19.5833333333333
"649","W01000701",23.75
"650","W01000702",19.1666666666667
"651","W01000703",50
"652","W01000704",18.75
"653","W01000705",40.4166666666667
"654","W01000706",22.9166666666667
"655","W01000707",33.3333333333333
"656","W01000708",35
"657","W01000709",41.6666666666667
"658","W01000710",16.6666666666667
"659","W01000711",40.8333333333333
"660","W01000712",19.5833333333333
"661","W01000713",17.9166666666667
"662","W01000714",41.25
"663","W01000715",13.3333333333333
"664","W01000716",20.8333333333333
"665","W01000717",19.5833333333333
"666","W01000718",47.0833333333333
"667","W01000719",25
"668","W01000720",20
"669","W01000721",16.25
"670","W01000722",9.16666666666667
"671","W01000723",7.91666666666667
"672","W01000724",27.9166666666667
"673","W01000725",33.75
"674","W01000728",17.5
"675","W01000729",28.75
"676","W01000730",13.3333333333333
"677","W01000731",42.0833333333333
"678","W01000732",50
"679","W01000733",54.5833333333333
"680","W01000734",71.25
"681","W01000735",24.5833333333333
"682","W01000736",10.4166666666667
"683","W01000737",10
"684","W01000738",66.6666666666667
"685","W01000739",57.0833333333333
"686","W01000740",20.8333333333333
"687","W01000741",45
"688","W01000742",114.583333333333
"689","W01000744",74.1666666666667
"690","W01000745",158.333333333333
"691","W01000746",78.3333333333333
"692","W01000747",71.25
"693","W01000749",70.4166666666667
"694","W01000750",31.25
"695","W01000751",13.3333333333333
"696","W01000752",40
"697","W01000753",29.1666666666667
"698","W01000754",35
"699","W01000755",37.9166666666667
"700","W01000756",55
"701","W01000757",31.6666666666667
"702","W01000758",27.9166666666667
"703","W01000759",12.9166666666667
"704","W01000760",45.8333333333333
"705","W01000761",37.9166666666667
"706","W01000762",44.1666666666667
"707","W01000763",32.0833333333333
"708","W01000764",45
"709","W01000765",34.1666666666667
"710","W01000766",22.9166666666667
"711","W01000767",40
"712","W01000768",20
"713","W01000769",12.9166666666667
"714","W01000770",17.9166666666667
"715","W01000771",15.8333333333333
"716","W01000772",15.8333333333333
"717","W01000774",21.6666666666667
"718","W01000775",12.0833333333333
"719","W01000776",14.1666666666667
"720","W01000777",15.4166666666667
"721","W01000778",20.4166666666667
"722","W01000779",22.0833333333333
"723","W01000781",6.25
"724","W01000782",10.8333333333333
"725","W01000784",14.5833333333333
"726","W01000785",10.4166666666667
"727","W01000786",9.58333333333333
"728","W01000787",35
"729","W01000788",48.75
"730","W01000789",61.25
"731","W01000790",77.5
"732","W01000791",11.25
"733","W01000792",15
"734","W01000793",16.25
"735","W01000794",50.4166666666667
"736","W01000795",17.9166666666667
"737","W01000797",15.4166666666667
"738","W01000798",15.4166666666667
"739","W01000799",65.8333333333333
"740","W01000800",13.75
"741","W01000801",50
"742","W01000802",35.4166666666667
"743","W01000803",14.5833333333333
"744","W01000804",6.25
"745","W01000805",3.75
"746","W01000806",20.8333333333333
"747","W01000807",11.6666666666667
"748","W01000808",17.0833333333333
"749","W01000809",39.5833333333333
"750","W01000810",50.8333333333333
"751","W01000811",42.5
"752","W01000812",58.3333333333333
"753","W01000813",28.75
"754","W01000814",53.75
"755","W01000815",17.0833333333333
"756","W01000816",16.6666666666667
"757","W01000817",80.8333333333333
"758","W01000818",47.0833333333333
"759","W01000819",12.9166666666667
"760","W01000820",26.6666666666667
"761","W01000821",21.25
"762","W01000822",14.5833333333333
"763","W01000823",7.08333333333333
"764","W01000824",13.75
"765","W01000825",24.1666666666667
"766","W01000826",13.75
"767","W01000827",15.8333333333333
"768","W01000828",15
"769","W01000829",25.4166666666667
"770","W01000830",100.833333333333
"771","W01000831",71.6666666666667
"772","W01000832",77.0833333333333
"773","W01000833",85
"774","W01000834",51.25
"775","W01000835",40.4166666666667
"776","W01000836",99.1666666666667
"777","W01000837",10.4166666666667
"778","W01000838",32.9166666666667
"779","W01000839",6.25
"780","W01000840",12.9166666666667
"781","W01000841",28.3333333333333
"782","W01000842",15
"783","W01000843",16.25
"784","W01000844",30.4166666666667
"785","W01000845",14.5833333333333
"786","W01000846",39.5833333333333
"787","W01000847",14.1666666666667
"788","W01000848",31.25
"789","W01000849",68.3333333333333
"790","W01000851",37.0833333333333
"791","W01000852",25.8333333333333
"792","W01000853",10
"793","W01000854",10.8333333333333
"794","W01000855",10.8333333333333
"795","W01000856",70.4166666666667
"796","W01000857",32.9166666666667
"797","W01000858",20.4166666666667
"798","W01000859",11.25
"799","W01000860",8.75
"800","W01000861",11.6666666666667
"801","W01000862",84.5833333333333
"802","W01000863",97.9166666666667
"803","W01000864",93.75
"804","W01000865",44.5833333333333
"805","W01000866",65
"806","W01000867",50
"807","W01000868",15
"808","W01000869",61.25
"809","W01000870",24.5833333333333
"810","W01000871",66.25
"811","W01000872",14.5833333333333
"812","W01000873",24.1666666666667
"813","W01000874",15.4166666666667
"814","W01000875",48.75
"815","W01000876",25
"816","W01000877",20
"817","W01000878",13.75
"818","W01000879",14.5833333333333
"819","W01000880",9.58333333333333
"820","W01000881",37.5
"821","W01000882",45.8333333333333
"822","W01000883",8.75
"823","W01000884",55.8333333333333
"824","W01000885",40
"825","W01000886",72.5
"826","W01000887",30
"827","W01000888",25.8333333333333
"828","W01000889",38.75
"829","W01000890",8.75
"830","W01000891",27.5
"831","W01000892",24.5833333333333
"832","W01000893",34.1666666666667
"833","W01000894",25.8333333333333
"834","W01000895",45.4166666666667
"835","W01000896",54.1666666666667
"836","W01000897",30.8333333333333
"837","W01000898",18.3333333333333
"838","W01000899",17.0833333333333
"839","W01000900",38.3333333333333
"840","W01000901",23.3333333333333
"841","W01000904",8.75
"842","W01000905",19.1666666666667
"843","W01000907",28.75
"844","W01000908",14.5833333333333
"845","W01000909",20
"846","W01000910",12.5
"847","W01000911",5.41666666666667
"848","W01000912",19.5833333333333
"849","W01000913",22.9166666666667
"850","W01000914",42.0833333333333
"851","W01000915",13.75
"852","W01000916",12.5
"853","W01000918",23.3333333333333
"854","W01000919",21.6666666666667
"855","W01000921",45.8333333333333
"856","W01000922",23.75
"857","W01000925",42.0833333333333
"858","W01000926",22.5
"859","W01000927",33.75
"860","W01000928",35
"861","W01000929",39.1666666666667
"862","W01000930",37.0833333333333
"863","W01000931",26.6666666666667
"864","W01000932",17.0833333333333
"865","W01000933",17.0833333333333
"866","W01000934",46.6666666666667
"867","W01000935",47.5
"868","W01000936",30
"869","W01000937",45
"870","W01000938",11.6666666666667
"871","W01000939",75.8333333333333
"872","W01000940",35.4166666666667
"873","W01000941",35.8333333333333
"874","W01000942",42.5
"875","W01000943",10.8333333333333
"876","W01000944",20
"877","W01000945",23.3333333333333
"878","W01000946",26.25
"879","W01000947",48.3333333333333
"880","W01000948",28.75
"881","W01000949",19.5833333333333
"882","W01000950",38.75
"883","W01000951",80
"884","W01000952",25.4166666666667
"885","W01000953",28.3333333333333
"886","W01000954",22.9166666666667
"887","W01000955",13.3333333333333
"888","W01000956",7.5
"889","W01000957",41.6666666666667
"890","W01000958",44.5833333333333
"891","W01000959",23.3333333333333
"892","W01000960",37.0833333333333
"893","W01000961",44.5833333333333
"894","W01000962",39.1666666666667
"895","W01000963",44.1666666666667
"896","W01000964",40
"897","W01000965",32.5
"898","W01000966",39.5833333333333
"899","W01000967",41.6666666666667
"900","W01000968",40.4166666666667
"901","W01000969",16.6666666666667
"902","W01000970",20
"903","W01000971",20
"904","W01000973",46.25
"905","W01000974",29.5833333333333
"906","W01000975",77.0833333333333
"907","W01000976",17.0833333333333
"908","W01000977",22.5
"909","W01000978",42.5
"910","W01000979",29.5833333333333
"911","W01000980",31.6666666666667
"912","W01000981",51.25
"913","W01000982",17.9166666666667
"914","W01000983",22.9166666666667
"915","W01000984",37.0833333333333
"916","W01000985",10.8333333333333
"917","W01000986",22.9166666666667
"918","W01000987",59.1666666666667
"919","W01000989",20.8333333333333
"920","W01000990",39.5833333333333
"921","W01000991",52.9166666666667
"922","W01000992",55
"923","W01000993",32.9166666666667
"924","W01000994",37.9166666666667
"925","W01000995",18.75
"926","W01000996",22.5
"927","W01000997",22.5
"928","W01000999",40.8333333333333
"929","W01001000",29.1666666666667
"930","W01001001",33.75
"931","W01001002",82.9166666666667
"932","W01001003",9.58333333333333
"933","W01001004",12.5
"934","W01001005",14.1666666666667
"935","W01001006",16.6666666666667
"936","W01001007",35
"937","W01001008",21.6666666666667
"938","W01001009",28.3333333333333
"939","W01001010",24.1666666666667
"940","W01001011",20.4166666666667
"941","W01001012",8.33333333333333
"942","W01001013",20
"943","W01001014",41.25
"944","W01001015",31.6666666666667
"945","W01001016",22.5
"946","W01001017",25
"947","W01001018",46.25
"948","W01001019",35.8333333333333
"949","W01001020",33.3333333333333
"950","W01001021",70
"951","W01001022",65.4166666666667
"952","W01001023",55
"953","W01001024",30.4166666666667
"954","W01001025",30.4166666666667
"955","W01001026",40.4166666666667
"956","W01001027",12.5
"957","W01001028",39.1666666666667
"958","W01001029",15.8333333333333
"959","W01001030",19.1666666666667
"960","W01001031",6.66666666666667
"961","W01001032",10.4166666666667
"962","W01001033",29.1666666666667
"963","W01001034",30.8333333333333
"964","W01001035",64.5833333333333
"965","W01001036",19.1666666666667
"966","W01001037",18.3333333333333
"967","W01001038",35.8333333333333
"968","W01001039",28.3333333333333
"969","W01001040",23.3333333333333
"970","W01001041",22.0833333333333
"971","W01001042",38.75
"972","W01001043",37.9166666666667
"973","W01001044",34.1666666666667
"974","W01001045",54.1666666666667
"975","W01001046",63.3333333333333
"976","W01001047",23.75
"977","W01001048",22.9166666666667
"978","W01001049",30
"979","W01001050",33.75
"980","W01001051",36.6666666666667
"981","W01001052",31.25
"982","W01001053",10.8333333333333
"983","W01001054",7.91666666666667
"984","W01001055",26.25
"985","W01001056",18.3333333333333
"986","W01001057",50.8333333333333
"987","W01001058",22.0833333333333
"988","W01001059",22.9166666666667
"989","W01001060",14.1666666666667
"990","W01001062",26.6666666666667
"991","W01001063",62.5
"992","W01001064",53.75
"993","W01001065",52.5
"994","W01001066",37.5
"995","W01001067",62.5
"996","W01001068",32.0833333333333
"997","W01001069",52.5
"998","W01001070",39.5833333333333
"999","W01001071",32.0833333333333
"1000","W01001072",23.75
"1001","W01001073",95.4166666666667
"1002","W01001075",6.66666666666667
"1003","W01001076",17.9166666666667
"1004","W01001077",23.75
"1005","W01001078",12.9166666666667
"1006","W01001079",59.1666666666667
"1007","W01001080",50
"1008","W01001081",53.3333333333333
"1009","W01001082",14.1666666666667
"1010","W01001083",10
"1011","W01001084",10
"1012","W01001085",11.6666666666667
"1013","W01001086",11.25
"1014","W01001087",18.75
"1015","W01001088",28.75
"1016","W01001089",10.8333333333333
"1017","W01001090",11.25
"1018","W01001091",12.0833333333333
"1019","W01001092",33.75
"1020","W01001093",45.4166666666667
"1021","W01001094",44.5833333333333
"1022","W01001095",65.8333333333333
"1023","W01001096",32.0833333333333
"1024","W01001097",59.5833333333333
"1025","W01001098",7.5
"1026","W01001099",28.75
"1027","W01001100",14.5833333333333
"1028","W01001101",41.6666666666667
"1029","W01001102",42.9166666666667
"1030","W01001103",10.8333333333333
"1031","W01001104",21.25
"1032","W01001105",25
"1033","W01001106",12.5
"1034","W01001107",17.0833333333333
"1035","W01001108",27.9166666666667
"1036","W01001109",21.6666666666667
"1037","W01001110",12.5
"1038","W01001111",30.8333333333333
"1039","W01001112",12.5
"1040","W01001113",15.4166666666667
"1041","W01001114",4.58333333333333
"1042","W01001115",22.9166666666667
"1043","W01001116",11.6666666666667
"1044","W01001117",21.6666666666667
"1045","W01001119",42.5
"1046","W01001120",16.25
"1047","W01001121",28.75
"1048","W01001122",22.9166666666667
"1049","W01001123",14.5833333333333
"1050","W01001124",31.6666666666667
"1051","W01001125",12.0833333333333
"1052","W01001127",16.6666666666667
"1053","W01001128",19.5833333333333
"1054","W01001129",25
"1055","W01001130",6.25
"1056","W01001131",40.4166666666667
"1057","W01001132",12.0833333333333
"1058","W01001133",17.9166666666667
"1059","W01001134",11.25
"1060","W01001135",15.4166666666667
"1061","W01001136",102.5
"1062","W01001137",53.75
"1063","W01001138",39.1666666666667
"1064","W01001139",26.25
"1065","W01001140",30
"1066","W01001141",46.25
"1067","W01001142",59.1666666666667
"1068","W01001143",25.8333333333333
"1069","W01001144",66.6666666666667
"1070","W01001145",41.6666666666667
"1071","W01001146",22.9166666666667
"1072","W01001147",22.0833333333333
"1073","W01001148",47.0833333333333
"1074","W01001149",33.75
"1075","W01001150",54.1666666666667
"1076","W01001151",20
"1077","W01001152",20.4166666666667
"1078","W01001153",42.9166666666667
"1079","W01001154",40.4166666666667
"1080","W01001155",30.8333333333333
"1081","W01001156",9.58333333333333
"1082","W01001157",15
"1083","W01001158",31.25
"1084","W01001159",18.75
"1085","W01001160",10
"1086","W01001162",51.25
"1087","W01001164",28.3333333333333
"1088","W01001165",34.1666666666667
"1089","W01001166",49.5833333333333
"1090","W01001167",26.25
"1091","W01001168",19.5833333333333
"1092","W01001169",77.9166666666667
"1093","W01001170",9.58333333333333
"1094","W01001171",31.6666666666667
"1095","W01001172",22.5
"1096","W01001173",47.9166666666667
"1097","W01001174",34.1666666666667
"1098","W01001175",22.9166666666667
"1099","W01001176",30.4166666666667
"1100","W01001177",26.6666666666667
"1101","W01001178",27.9166666666667
"1102","W01001179",33.3333333333333
"1103","W01001180",67.5
"1104","W01001181",27.9166666666667
"1105","W01001184",21.6666666666667
"1106","W01001185",41.25
"1107","W01001186",31.25
"1108","W01001187",20.8333333333333
"1109","W01001188",32.5
"1110","W01001189",32.5
"1111","W01001190",25.4166666666667
"1112","W01001192",26.6666666666667
"1113","W01001193",10
"1114","W01001194",13.3333333333333
"1115","W01001195",25.8333333333333
"1116","W01001196",16.6666666666667
"1117","W01001197",1.66666666666667
"1118","W01001198",15.8333333333333
"1119","W01001199",16.6666666666667
"1120","W01001202",45.4166666666667
"1121","W01001203",42.5
"1122","W01001204",29.5833333333333
"1123","W01001205",40
"1124","W01001206",30
"1125","W01001207",50.8333333333333
"1126","W01001208",48.3333333333333
"1127","W01001209",62.5
"1128","W01001210",41.25
"1129","W01001211",35
"1130","W01001212",35
"1131","W01001214",11.25
"1132","W01001216",32.9166666666667
"1133","W01001217",33.3333333333333
"1134","W01001218",37.0833333333333
"1135","W01001219",41.6666666666667
"1136","W01001220",18.3333333333333
"1137","W01001221",44.5833333333333
"1138","W01001222",72.5
"1139","W01001223",13.3333333333333
"1140","W01001224",4.58333333333333
"1141","W01001225",5
"1142","W01001226",20
"1143","W01001227",13.3333333333333
"1144","W01001228",42.5
"1145","W01001229",17.5
"1146","W01001230",12.5
"1147","W01001231",30.8333333333333
"1148","W01001232",33.75
"1149","W01001233",25.4166666666667
"1150","W01001234",25.4166666666667
"1151","W01001235",41.6666666666667
"1152","W01001236",21.25
"1153","W01001237",39.5833333333333
"1154","W01001238",65.4166666666667
"1155","W01001239",45.8333333333333
"1156","W01001240",30.4166666666667
"1157","W01001241",30
"1158","W01001242",17.5
"1159","W01001243",25.8333333333333
"1160","W01001244",10
"1161","W01001245",10.4166666666667
"1162","W01001246",20.4166666666667
"1163","W01001247",39.1666666666667
"1164","W01001248",46.6666666666667
"1165","W01001249",29.1666666666667
"1166","W01001250",12.0833333333333
"1167","W01001251",44.1666666666667
"1168","W01001252",6.66666666666667
"1169","W01001253",25.8333333333333
"1170","W01001255",39.5833333333333
"1171","W01001256",20.4166666666667
"1172","W01001257",18.75
"1173","W01001258",30
"1174","W01001259",31.6666666666667
"1175","W01001260",35
"1176","W01001261",27.0833333333333
"1177","W01001262",36.6666666666667
"1178","W01001263",52.0833333333333
"1179","W01001264",41.25
"1180","W01001265",33.75
"1181","W01001266",49.5833333333333
"1182","W01001267",40.4166666666667
"1183","W01001268",40.8333333333333
"1184","W01001269",22.9166666666667
"1185","W01001270",30.8333333333333
"1186","W01001271",50
"1187","W01001272",43.3333333333333
"1188","W01001273",30
"1189","W01001274",56.6666666666667
"1190","W01001275",30.8333333333333
"1191","W01001276",48.3333333333333
"1192","W01001277",8.75
"1193","W01001278",20.8333333333333
"1194","W01001279",23.3333333333333
"1195","W01001280",53.3333333333333
"1196","W01001281",24.1666666666667
"1197","W01001282",55.8333333333333
"1198","W01001283",26.6666666666667
"1199","W01001284",9.58333333333333
"1200","W01001285",31.25
"1201","W01001286",25
"1202","W01001287",36.25
"1203","W01001288",51.25
"1204","W01001289",27.0833333333333
"1205","W01001290",29.5833333333333
"1206","W01001291",31.6666666666667
"1207","W01001292",67.9166666666667
"1208","W01001293",32.5
"1209","W01001294",14.1666666666667
"1210","W01001295",50
"1211","W01001296",25.8333333333333
"1212","W01001297",49.5833333333333
"1213","W01001298",52.9166666666667
"1214","W01001299",76.6666666666667
"1215","W01001300",67.0833333333333
"1216","W01001301",60.8333333333333
"1217","W01001302",37.0833333333333
"1218","W01001305",32.0833333333333
"1219","W01001306",25
"1220","W01001307",62.5
"1221","W01001308",48.3333333333333
"1222","W01001309",38.75
"1223","W01001310",22.0833333333333
"1224","W01001311",27.5
"1225","W01001312",25.8333333333333
"1226","W01001313",33.3333333333333
"1227","W01001314",39.1666666666667
"1228","W01001315",78.75
"1229","W01001317",35
"1230","W01001318",25
"1231","W01001319",16.25
"1232","W01001320",25.8333333333333
"1233","W01001321",27.9166666666667
"1234","W01001322",35
"1235","W01001324",38.75
"1236","W01001325",50.4166666666667
"1237","W01001326",76.6666666666667
"1238","W01001327",44.5833333333333
"1239","W01001328",23.75
"1240","W01001329",31.25
"1241","W01001330",25
"1242","W01001331",57.0833333333333
"1243","W01001332",65.4166666666667
"1244","W01001333",39.5833333333333
"1245","W01001334",50
"1246","W01001335",22.5
"1247","W01001336",37.9166666666667
"1248","W01001337",46.25
"1249","W01001338",47.0833333333333
"1250","W01001339",62.9166666666667
"1251","W01001340",18.3333333333333
"1252","W01001341",47.0833333333333
"1253","W01001342",14.5833333333333
"1254","W01001343",11.25
"1255","W01001344",31.6666666666667
"1256","W01001345",68.75
"1257","W01001346",30.4166666666667
"1258","W01001347",27.5
"1259","W01001348",46.25
"1260","W01001349",20.8333333333333
"1261","W01001350",36.25
"1262","W01001351",15
"1263","W01001352",49.5833333333333
"1264","W01001353",31.6666666666667
"1265","W01001354",33.75
"1266","W01001355",26.6666666666667
"1267","W01001356",14.5833333333333
"1268","W01001357",15
"1269","W01001358",48.3333333333333
"1270","W01001359",28.3333333333333
"1271","W01001360",24.1666666666667
"1272","W01001361",49.5833333333333
"1273","W01001362",49.5833333333333
"1274","W01001363",35.4166666666667
"1275","W01001364",54.1666666666667
"1276","W01001365",35.4166666666667
"1277","W01001366",22.9166666666667
"1278","W01001367",28.75
"1279","W01001368",47.0833333333333
"1280","W01001369",36.25
"1281","W01001370",35
"1282","W01001371",37.5
"1283","W01001372",24.5833333333333
"1284","W01001373",45.8333333333333
"1285","W01001374",37.0833333333333
"1286","W01001375",43.75
"1287","W01001376",63.75
"1288","W01001377",24.1666666666667
"1289","W01001378",33.3333333333333
"1290","W01001379",20.4166666666667
"1291","W01001380",29.1666666666667
"1292","W01001381",51.6666666666667
"1293","W01001382",26.25
"1294","W01001383",22.0833333333333
"1295","W01001384",49.1666666666667
"1296","W01001385",49.5833333333333
"1297","W01001386",71.25
"1298","W01001387",31.6666666666667
"1299","W01001388",47.0833333333333
"1300","W01001389",12.0833333333333
"1301","W01001390",20.8333333333333
"1302","W01001391",27.9166666666667
"1303","W01001392",16.6666666666667
"1304","W01001393",28.3333333333333
"1305","W01001394",5.83333333333333
"1306","W01001395",25.4166666666667
"1307","W01001396",37.9166666666667
"1308","W01001397",23.75
"1309","W01001398",25.8333333333333
"1310","W01001399",14.5833333333333
"1311","W01001400",48.75
"1312","W01001401",39.5833333333333
"1313","W01001402",42.5
"1314","W01001403",38.75
"1315","W01001404",13.3333333333333
"1316","W01001405",41.25
"1317","W01001406",56.6666666666667
"1318","W01001407",21.25
"1319","W01001408",36.25
"1320","W01001409",24.1666666666667
"1321","W01001410",35.4166666666667
"1322","W01001411",28.3333333333333
"1323","W01001412",40.8333333333333
"1324","W01001413",32.5
"1325","W01001414",51.25
"1326","W01001415",32.5
"1327","W01001416",22.0833333333333
"1328","W01001417",15
"1329","W01001418",41.25
"1330","W01001419",25
"1331","W01001420",21.25
"1332","W01001421",60.8333333333333
"1333","W01001422",52.9166666666667
"1334","W01001423",15.8333333333333
"1335","W01001424",32.0833333333333
"1336","W01001425",25.8333333333333
"1337","W01001426",11.6666666666667
"1338","W01001427",12.9166666666667
"1339","W01001428",56.25
"1340","W01001429",30.8333333333333
"1341","W01001430",49.1666666666667
"1342","W01001431",19.1666666666667
"1343","W01001432",42.0833333333333
"1344","W01001433",22.0833333333333
"1345","W01001434",13.75
"1346","W01001435",32.9166666666667
"1347","W01001436",50
"1348","W01001437",25
"1349","W01001438",21.6666666666667
"1350","W01001439",21.25
"1351","W01001440",30.4166666666667
"1352","W01001441",34.5833333333333
"1353","W01001442",15
"1354","W01001443",40.8333333333333
"1355","W01001444",38.3333333333333
"1356","W01001445",32.5
"1357","W01001446",17.0833333333333
"1358","W01001447",40.8333333333333
"1359","W01001448",34.1666666666667
"1360","W01001449",40.8333333333333
"1361","W01001450",24.1666666666667
"1362","W01001451",43.75
"1363","W01001452",25
"1364","W01001453",39.5833333333333
"1365","W01001454",39.1666666666667
"1366","W01001455",37.9166666666667
"1367","W01001456",50.4166666666667
"1368","W01001457",70
"1369","W01001458",33.75
"1370","W01001459",51.6666666666667
"1371","W01001460",47.9166666666667
"1372","W01001461",43.75
"1373","W01001462",31.25
"1374","W01001463",40.8333333333333
"1375","W01001464",61.25
"1376","W01001465",38.75
"1377","W01001466",46.6666666666667
"1378","W01001467",56.6666666666667
"1379","W01001468",35.8333333333333
"1380","W01001469",45.4166666666667
"1381","W01001470",23.75
"1382","W01001471",44.5833333333333
"1383","W01001472",25.8333333333333
"1384","W01001473",46.25
"1385","W01001474",34.1666666666667
"1386","W01001475",21.25
"1387","W01001478",32.0833333333333
"1388","W01001479",67.5
"1389","W01001480",35.4166666666667
"1390","W01001481",65
"1391","W01001482",22.9166666666667
"1392","W01001483",47.5
"1393","W01001484",25
"1394","W01001485",25.8333333333333
"1395","W01001486",33.75
"1396","W01001487",44.1666666666667
"1397","W01001488",44.5833333333333
"1398","W01001489",35
"1399","W01001490",27.0833333333333
"1400","W01001491",46.6666666666667
"1401","W01001492",39.1666666666667
"1402","W01001493",48.3333333333333
"1403","W01001494",24.5833333333333
"1404","W01001495",22.0833333333333
"1405","W01001496",48.75
"1406","W01001497",40.4166666666667
"1407","W01001498",35.4166666666667
"1408","W01001499",23.3333333333333
"1409","W01001500",11.6666666666667
"1410","W01001501",41.25
"1411","W01001502",15.4166666666667
"1412","W01001503",50.8333333333333
"1413","W01001504",45.8333333333333
"1414","W01001505",33.75
"1415","W01001506",70
"1416","W01001507",26.6666666666667
"1417","W01001508",17.0833333333333
"1418","W01001509",11.6666666666667
"1419","W01001510",25.4166666666667
"1420","W01001511",22.9166666666667
"1421","W01001512",9.16666666666667
"1422","W01001513",11.25
"1423","W01001514",8.33333333333333
"1424","W01001515",26.25
"1425","W01001516",25.4166666666667
"1426","W01001517",35
"1427","W01001518",10.4166666666667
"1428","W01001519",58.75
"1429","W01001520",44.5833333333333
"1430","W01001521",47.0833333333333
"1431","W01001522",42.0833333333333
"1432","W01001523",35.4166666666667
"1433","W01001524",56.6666666666667
"1434","W01001525",45.8333333333333
"1435","W01001526",55.4166666666667
"1436","W01001527",35
"1437","W01001528",36.6666666666667
"1438","W01001529",77.0833333333333
"1439","W01001530",75
"1440","W01001531",47.0833333333333
"1441","W01001532",50
"1442","W01001533",10.4166666666667
"1443","W01001534",23.3333333333333
"1444","W01001535",20.4166666666667
"1445","W01001536",50.8333333333333
"1446","W01001537",12.0833333333333
"1447","W01001538",45
"1448","W01001539",39.5833333333333
"1449","W01001540",29.1666666666667
"1450","W01001541",24.1666666666667
"1451","W01001542",12.5
"1452","W01001543",12.9166666666667
"1453","W01001545",10.4166666666667
"1454","W01001546",49.1666666666667
"1455","W01001548",22.5
"1456","W01001549",11.25
"1457","W01001551",23.75
"1458","W01001552",7.08333333333333
"1459","W01001554",17.9166666666667
"1460","W01001555",5.41666666666667
"1461","W01001556",18.75
"1462","W01001557",36.6666666666667
"1463","W01001558",25.4166666666667
"1464","W01001559",17.0833333333333
"1465","W01001560",10.4166666666667
"1466","W01001561",6.66666666666667
"1467","W01001562",21.6666666666667
"1468","W01001563",16.25
"1469","W01001565",17.5
"1470","W01001568",14.5833333333333
"1471","W01001569",20
"1472","W01001571",16.25
"1473","W01001572",12.9166666666667
"1474","W01001573",49.1666666666667
"1475","W01001574",11.25
"1476","W01001575",10
"1477","W01001576",19.5833333333333
"1478","W01001577",37.5
"1479","W01001578",16.6666666666667
"1480","W01001579",25.4166666666667
"1481","W01001580",30.4166666666667
"1482","W01001581",16.25
"1483","W01001582",18.3333333333333
"1484","W01001583",12.5
"1485","W01001584",29.1666666666667
"1486","W01001585",7.08333333333333
"1487","W01001586",24.1666666666667
"1488","W01001587",50.8333333333333
"1489","W01001588",18.3333333333333
"1490","W01001589",27.5
"1491","W01001590",20.8333333333333
"1492","W01001591",15.4166666666667
"1493","W01001592",45.8333333333333
"1494","W01001593",33.75
"1495","W01001594",12.0833333333333
"1496","W01001595",5.83333333333333
"1497","W01001596",5.83333333333333
"1498","W01001597",17.0833333333333
"1499","W01001598",37.0833333333333
"1500","W01001599",39.1666666666667
"1501","W01001600",18.3333333333333
"1502","W01001601",78.3333333333333
"1503","W01001602",11.25
"1504","W01001603",44.5833333333333
"1505","W01001604",14.1666666666667
"1506","W01001605",58.3333333333333
"1507","W01001606",14.5833333333333
"1508","W01001607",82.0833333333333
"1509","W01001608",28.75
"1510","W01001609",75.8333333333333
"1511","W01001610",42.9166666666667
"1512","W01001611",37.5
"1513","W01001612",46.25
"1514","W01001613",31.25
"1515","W01001614",67.9166666666667
"1516","W01001615",30.8333333333333
"1517","W01001616",18.3333333333333
"1518","W01001617",69.1666666666667
"1519","W01001618",38.75
"1520","W01001619",65.4166666666667
"1521","W01001620",55.4166666666667
"1522","W01001621",58.3333333333333
"1523","W01001622",41.6666666666667
"1524","W01001623",19.1666666666667
"1525","W01001624",7.5
"1526","W01001625",12.0833333333333
"1527","W01001626",15.8333333333333
"1528","W01001627",17.0833333333333
"1529","W01001628",29.1666666666667
"1530","W01001629",19.1666666666667
"1531","W01001630",67.0833333333333
"1532","W01001631",19.5833333333333
"1533","W01001632",39.5833333333333
"1534","W01001633",74.1666666666667
"1535","W01001634",45.4166666666667
"1536","W01001635",16.25
"1537","W01001636",10.4166666666667
"1538","W01001637",25
"1539","W01001638",8.33333333333333
"1540","W01001639",21.25
"1541","W01001640",9.16666666666667
"1542","W01001641",6.66666666666667
"1543","W01001642",60.8333333333333
"1544","W01001643",70.4166666666667
"1545","W01001645",37.0833333333333
"1546","W01001646",72.9166666666667
"1547","W01001648",28.3333333333333
"1548","W01001650",25.8333333333333
"1549","W01001651",13.3333333333333
"1550","W01001652",92.0833333333333
"1551","W01001653",7.91666666666667
"1552","W01001654",23.3333333333333
"1553","W01001655",13.3333333333333
"1554","W01001657",9.58333333333333
"1555","W01001658",18.75
"1556","W01001659",136.25
"1557","W01001660",88.75
"1558","W01001661",202.083333333333
"1559","W01001662",109.166666666667
"1560","W01001663",50
"1561","W01001664",46.25
"1562","W01001665",36.6666666666667
"1563","W01001666",65
"1564","W01001667",55
"1565","W01001668",47.9166666666667
"1566","W01001669",11.25
"1567","W01001670",10.8333333333333
"1568","W01001671",33.3333333333333
"1569","W01001673",10.8333333333333
"1570","W01001674",29.5833333333333
"1571","W01001675",38.75
"1572","W01001676",72.0833333333333
"1573","W01001677",19.1666666666667
"1574","W01001678",54.1666666666667
"1575","W01001679",8.75
"1576","W01001680",27.0833333333333
"1577","W01001681",56.25
"1578","W01001682",46.6666666666667
"1579","W01001683",22.5
"1580","W01001684",32.9166666666667
"1581","W01001685",100.833333333333
"1582","W01001686",38.75
"1583","W01001687",221.666666666667
"1584","W01001689",78.3333333333333
"1585","W01001690",120.416666666667
"1586","W01001691",81.6666666666667
"1587","W01001692",110.416666666667
"1588","W01001693",126.25
"1589","W01001694",140.833333333333
"1590","W01001695",172.083333333333
"1591","W01001696",85.4166666666667
"1592","W01001697",88.75
"1593","W01001698",148.75
"1594","W01001699",127.5
"1595","W01001702",52.0833333333333
"1596","W01001703",44.5833333333333
"1597","W01001704",78.3333333333333
"1598","W01001705",58.75
"1599","W01001706",39.1666666666667
"1600","W01001707",75
"1601","W01001708",90.8333333333333
"1602","W01001710",53.3333333333333
"1603","W01001711",48.3333333333333
"1604","W01001712",40
"1605","W01001713",41.25
"1606","W01001714",10.8333333333333
"1607","W01001715",21.25
"1608","W01001716",15.4166666666667
"1609","W01001717",36.25
"1610","W01001718",34.1666666666667
"1611","W01001719",24.5833333333333
"1612","W01001720",37.0833333333333
"1613","W01001721",30.4166666666667
"1614","W01001722",27.0833333333333
"1615","W01001724",26.25
"1616","W01001725",25.8333333333333
"1617","W01001726",54.1666666666667
"1618","W01001727",9.16666666666667
"1619","W01001728",8.75
"1620","W01001729",23.3333333333333
"1621","W01001730",4.58333333333333
"1622","W01001731",5.83333333333333
"1623","W01001732",12.0833333333333
"1624","W01001733",21.6666666666667
"1625","W01001734",7.5
"1626","W01001735",18.3333333333333
"1627","W01001736",12.5
"1628","W01001737",84.1666666666667
"1629","W01001738",65.8333333333333
"1630","W01001739",75
"1631","W01001740",63.75
"1632","W01001741",74.5833333333333
"1633","W01001742",75.8333333333333
"1634","W01001743",21.25
"1635","W01001744",71.25
"1636","W01001745",13.75
"1637","W01001746",65.8333333333333
"1638","W01001747",23.75
"1639","W01001748",39.5833333333333
"1640","W01001749",42.0833333333333
"1641","W01001750",44.1666666666667
"1642","W01001751",93.75
"1643","W01001752",20
"1644","W01001753",57.5
"1645","W01001754",25.4166666666667
"1646","W01001755",24.5833333333333
"1647","W01001756",80.8333333333333
"1648","W01001757",33.75
"1649","W01001758",36.25
"1650","W01001759",34.5833333333333
"1651","W01001760",57.0833333333333
"1652","W01001761",79.5833333333333
"1653","W01001762",95.4166666666667
"1654","W01001764",73.75
"1655","W01001765",57.5
"1656","W01001766",68.3333333333333
"1657","W01001767",90.4166666666667
"1658","W01001768",99.5833333333333
"1659","W01001769",6.25
"1660","W01001770",12.5
"1661","W01001771",13.75
"1662","W01001772",10
"1663","W01001773",38.3333333333333
"1664","W01001774",7.91666666666667
"1665","W01001775",29.5833333333333
"1666","W01001776",10.8333333333333
"1667","W01001777",6.25
"1668","W01001778",7.91666666666667
"1669","W01001779",14.1666666666667
"1670","W01001780",11.6666666666667
"1671","W01001781",18.75
"1672","W01001782",5.83333333333333
"1673","W01001783",5.83333333333333
"1674","W01001784",15
"1675","W01001785",33.3333333333333
"1676","W01001786",29.1666666666667
"1677","W01001787",41.6666666666667
"1678","W01001788",62.9166666666667
"1679","W01001789",27.9166666666667
"1680","W01001790",37.5
"1681","W01001791",24.1666666666667
"1682","W01001792",47.5
"1683","W01001793",18.75
"1684","W01001794",15
"1685","W01001795",15.8333333333333
"1686","W01001796",17.5
"1687","W01001797",12.9166666666667
"1688","W01001798",17.5
"1689","W01001799",2.5
"1690","W01001800",39.5833333333333
"1691","W01001802",42.9166666666667
"1692","W01001803",47.0833333333333
"1693","W01001804",46.6666666666667
"1694","W01001805",42.5
"1695","W01001806",37.0833333333333
"1696","W01001807",57.5
"1697","W01001808",75.4166666666667
"1698","W01001809",26.6666666666667
"1699","W01001810",71.25
"1700","W01001811",87.0833333333333
"1701","W01001812",36.6666666666667
"1702","W01001813",90.8333333333333
"1703","W01001814",38.3333333333333
"1704","W01001815",19.1666666666667
"1705","W01001816",95.4166666666667
"1706","W01001817",21.25
"1707","W01001818",44.5833333333333
"1708","W01001819",20.8333333333333
"1709","W01001820",14.1666666666667
"1710","W01001821",10.8333333333333
"1711","W01001822",31.6666666666667
"1712","W01001823",9.58333333333333
"1713","W01001824",39.1666666666667
"1714","W01001825",64.1666666666667
"1715","W01001826",12.9166666666667
"1716","W01001827",19.1666666666667
"1717","W01001828",10
"1718","W01001829",73.75
"1719","W01001830",96.25
"1720","W01001831",51.6666666666667
"1721","W01001832",73.3333333333333
"1722","W01001833",61.25
"1723","W01001834",54.1666666666667
"1724","W01001835",120
"1725","W01001836",40.4166666666667
"1726","W01001837",42.5
"1727","W01001838",39.5833333333333
"1728","W01001839",42.9166666666667
"1729","W01001840",34.5833333333333
"1730","W01001841",21.25
"1731","W01001842",21.6666666666667
"1732","W01001844",22.0833333333333
"1733","W01001846",11.25
"1734","W01001847",5
"1735","W01001848",7.08333333333333
"1736","W01001849",18.3333333333333
"1737","W01001850",9.16666666666667
"1738","W01001851",17.9166666666667
"1739","W01001852",7.08333333333333
"1740","W01001853",11.6666666666667
"1741","W01001854",10
"1742","W01001855",77.5
"1743","W01001856",121.666666666667
"1744","W01001857",127.083333333333
"1745","W01001858",28.3333333333333
"1746","W01001859",29.5833333333333
"1747","W01001860",15.8333333333333
"1748","W01001861",41.6666666666667
"1749","W01001862",108.333333333333
"1750","W01001863",33.75
"1751","W01001864",18.75
"1752","W01001865",16.6666666666667
"1753","W01001866",46.25
"1754","W01001867",55.4166666666667
"1755","W01001868",41.6666666666667
"1756","W01001869",43.3333333333333
"1757","W01001870",53.3333333333333
"1758","W01001871",86.6666666666667
"1759","W01001872",60
"1760","W01001873",99.1666666666667
"1761","W01001874",91.25
"1762","W01001876",78.3333333333333
"1763","W01001877",30
"1764","W01001878",35.8333333333333
"1765","W01001879",81.25
"1766","W01001880",74.1666666666667
"1767","W01001881",51.6666666666667
"1768","W01001882",29.1666666666667
"1769","W01001883",55
"1770","W01001884",73.75
"1771","W01001885",66.6666666666667
"1772","W01001886",62.0833333333333
"1773","W01001887",5.83333333333333
"1774","W01001888",13.75
"1775","W01001889",18.3333333333333
"1776","W01001890",15.8333333333333
"1777","W01001891",19.5833333333333
"1778","W01001892",14.1666666666667
"1779","W01001893",30.8333333333333
"1780","W01001894",12.0833333333333
"1781","W01001895",55.8333333333333
"1782","W01001896",5.41666666666667
"1783","W01001897",9.58333333333333
"1784","W01001898",38.75
"1785","W01001899",45.4166666666667
"1786","W01001900",46.6666666666667
"1787","W01001901",21.6666666666667
"1788","W01001902",35
"1789","W01001903",17.5
"1790","W01001904",5.83333333333333
"1791","W01001905",12.0833333333333
"1792","W01001906",24.1666666666667
"1793","W01001907",7.5
"1794","W01001908",46.6666666666667
"1795","W01001910",75.4166666666667
"1796","W01001911",35.8333333333333
"1797","W01001912",16.25
"1798","W01001913",18.75
"1799","W01001914",6.66666666666667
"1800","W01001915",11.25
"1801","W01001916",10.8333333333333
"1802","W01001917",15
"1803","W01001918",17.9166666666667
"1804","W01001919",11.25
"1805","W01001920",4.58333333333333
"1806","W01001921",22.9166666666667
"1807","W01001922",29.1666666666667
"1808","W01001923",35
"1809","W01001924",57.9166666666667
"1810","W01001925",31.25
"1811","W01001926",26.6666666666667
"1812","W01001927",29.5833333333333
"1813","W01001928",70.4166666666667
"1814","W01001929",45.8333333333333
"1815","W01001930",30.4166666666667
"1816","W01001931",60.4166666666667
"1817","W01001932",17.9166666666667
"1818","W01001933",17.5
"1819","W01001935",15
"1820","W01001936",12.9166666666667
"1821","W01001937",25
"1822","W01001940",26.6666666666667
"1823","W01001942",70.4166666666667
"1824","W01001943",37.5
"1825","W01001944",29.1666666666667
"1826","W01001946",56.25
"1827","W01001947",55
"1828","W01001948",22.9166666666667
"1829","W01001949",19.1666666666667
"1830","W01001950",10.8333333333333
"1831","W01001951",80.8333333333333
"1832","W01001952",107.083333333333
"1833","W01001953",33.75
"1834","W01001954",5.83333333333333
"1835","W01001955",204.583333333333
"1836","W01001956",15.4166666666667
"1837","W01001958",30.4166666666667
"1838","W01001959",27.0525368082617
"1839","W01001960",9.61412985840494
"1840","W01001961",46.25
"1841","W01001962",67.5
"1842","W01001963",58.75
"1843","W01001964",69.1666666666667
"1844","W01001965",25.450522995554
"1845","W01001966",9.11962335934336
"1846","W01001967",14.10938994119
"1847","W01001968",2.98713037057932
"1848","W01001969",65.4166666666667
"1849","W01001970",9.16666666666667
"1850","W01001971",48.5503493588476
"1851","W01001972",8.11631730781905
"1852","W01001973",60
"1853","W01001974",33.6027576794945
"1854","W01001975",32.2305756538389
"1855","W01001976",40.7599443521371
"1856","W01001977",1.74005270800137
"1857","W01001978",28.4829275625007
"1858","W01001979",9.01707243749935
"1859","W01001980",21.2500029398616
"1860","W01001981",4.41132424633905
"1861","W01001982",37.7562979450249
"1862","W01001983",6.41840953697125
"1863","W01001984",6.41396827166482
"1864","W01001985",15.4166666666667
"1865","W01001986",25
"1866","W01001987",1.74196083679372
"1867","W01001988",23.219955038415
"1868","W01001989",28.3714174581246
"1869","W01001990",35
"1870","W01001991",54.5833709307932
"1871","W01001992",17.9166290692068
"1872","W01001993",21.1329473845765
"1873","W01001994",7.61705261542351
"1874","W01001995",20.3565535583606
"1875","W01001996",76.7267797749727
"1876","W01001997",74.1666666666667
"1877","W01001998",47.4638800383545
"1878","W01001999",15.4166666666667
"1879","W01002000",43.0706023427862
"1880","W01002001",4.84606432388051
"1881","W01002002",65.8333333333333
"1882","W01002003",19.1701802461465
"1883","W01002004",52.9131530871868
"1884","W01002005",27.0833333333333
"1885","W01002007",39.1666666666667
"1886","W01002008",34.5833333333333
"1887","W01002009",68.5037601250617
"1888","W01002010",33.1629065416049
"1889","W01002011",43.3329027471461
"1890","W01002012",9.5837639195206
"1891","W01002013",17.9166666666667
"1892","W01002014",36.25
"1893","W01002016",25.0268762255058
"1894","W01002017",6.41808966318193
"1895","W01002018",3.97170077797896
"1896","W01002019",155.416666666667
"1897","W01002020",16.1352347329474
"1898","W01002021",63.0314319337192
"1899","W01002022",23.5741718914509
"1900","W01002023",26.8424947752157
"1901","W01002024",14.4261819188905
"1902","W01002025",29.3238180811095
"1903","W01002026",1.97492116493625
"1904","W01002027",55.9566971813455
"1905","W01002028",19.9674762926929
"1906","W01002029",7.94919037397373
"1907","W01002030",49.7357333502645
"1908","W01002031",50.6486641216898
"1909","W01002032",6.82253979435672
"1910","W01002033",42.7781110540739
"1911","W01002034",48.9643143794941
"1912","W01002035",19.7856856205059
"1913","W01002036",18.9333468797964
"1914","W01002037",13.9833197868703
"1915","W01002038",42.5974008111634
"1916","W01002039",7.81926585550328
"1917","W01002040",36.2861199616455
